zooniverse_id,name,location,thumbnail_location,ra,dec
AAP0000001,B15-F09_1,http://www.andromedaproject.org.s3.amazonaws.com/subjects/standard/B15-F09_1.jpg,http://www.andromedaproject.org.s3.amazonaws.com/subjects/thumbnail/B15-F09_1.jpg,11.2681537617611,41.86381512104444
AAP0000002,B15-F09_10,http://www.andromedaproject.org.s3.amazonaws.com/subjects/standard/B15-F09_10.jpg,http://www.andromedaproject.org.s3.amazonaws.com/subjects/thumbnail/B15-F09_10.jpg,11.258976168823796,41.87614809049109
AAP0000003,B15-F09_10_F475W,http://www.andromedaproject.org.s3.amazonaws.com/subjects/standard/B15-F09_10_F475W.jpg,http://www.andromedaproject.org.s3.amazonaws.com/subjects/thumbnail/B15-F09_10_F475W.jpg,11.258976168823796,41.87614809049109
AAP0000004,B15-F09_10_F475W_sc,http://www.andromedaproject.org.s3.amazonaws.com/subjects/standard/B15-F09_10_F475W_sc.jpg,http://www.andromedaproject.org.s3.amazonaws.com/subjects/thumbnail/B15-F09_10_F475W_sc.jpg,11.258976168823796,41.87614809049109
AAP0000005,B15-F09_10_sc,http://www.andromedaproject.org.s3.amazonaws.com/subjects/standard/B15-F09_10_sc.jpg,http://www.andromedaproject.org.s3.amazonaws.com/subjects/thumbnail/B15-F09_10_sc.jpg,11.258976168823796,41.87614809049109
AAP0000006,B15-F09_11,http://www.andromedaproject.org.s3.amazonaws.com/subjects/standard/B15-F09_11.jpg,http://www.andromedaproject.org.s3.amazonaws.com/subjects/thumbnail/B15-F09_11.jpg,11.247461388443936,41.87750590917342
AAP0000007,B15-F09_11_F475W,http://www.andromedaproject.org.s3.amazonaws.com/subjects/standard/B15-F09_11_F475W.jpg,http://www.andromedaproject.org.s3.amazonaws.com/subjects/thumbnail/B15-F09_11_F475W.jpg,11.247461388443936,41.87750590917342
AAP0000008,B15-F09_11_F475W_sc,http://www.andromedaproject.org.s3.amazonaws.com/subjects/standard/B15-F09_11_F475W_sc.jpg,http://www.andromedaproject.org.s3.amazonaws.com/subjects/thumbnail/B15-F09_11_F475W_sc.jpg,11.247461388443936,41.87750590917342
AAP0000009,B15-F09_11_sc,http://www.andromedaproject.org.s3.amazonaws.com/subjects/standard/B15-F09_11_sc.jpg,http://www.andromedaproject.org.s3.amazonaws.com/subjects/thumbnail/B15-F09_11_sc.jpg,11.247461388443936,41.87750590917342
AAP000000a,B15-F09_12,http://www.andromedaproject.org.s3.amazonaws.com/subjects/standard/B15-F09_12.jpg,http://www.andromedaproject.org.s3.amazonaws.com/subjects/thumbnail/B15-F09_12.jpg,11.235946119226709,41.87886257757438
AAP000000b,B15-F09_12_F475W,http://www.andromedaproject.org.s3.amazonaws.com/subjects/standard/B15-F09_12_F475W.jpg,http://www.andromedaproject.org.s3.amazonaws.com/subjects/thumbnail/B15-F09_12_F475W.jpg,11.235946119226709,41.87886257757438
AAP000000c,B15-F09_12_F475W_sc,http://www.andromedaproject.org.s3.amazonaws.com/subjects/standard/B15-F09_12_F475W_sc.jpg,http://www.andromedaproject.org.s3.amazonaws.com/subjects/thumbnail/B15-F09_12_F475W_sc.jpg,11.235946119226709,41.87886257757438
AAP000000d,B15-F09_12_sc,http://www.andromedaproject.org.s3.amazonaws.com/subjects/standard/B15-F09_12_sc.jpg,http://www.andromedaproject.org.s3.amazonaws.com/subjects/thumbnail/B15-F09_12_sc.jpg,11.235946119226709,41.87886257757438
AAP000000e,B15-F09_13,http://www.andromedaproject.org.s3.amazonaws.com/subjects/standard/B15-F09_13.jpg,http://www.andromedaproject.org.s3.amazonaws.com/subjects/thumbnail/B15-F09_13.jpg,11.271659109287564,41.88027610445793
AAP000000f,B15-F09_13_F475W,http://www.andromedaproject.org.s3.amazonaws.com/subjects/standard/B15-F09_13_F475W.jpg,http://www.andromedaproject.org.s3.amazonaws.com/subjects/thumbnail/B15-F09_13_F475W.jpg,11.271659109287564,41.88027610445793
AAP000000g,B15-F09_13_F475W_sc,http://www.andromedaproject.org.s3.amazonaws.com/subjects/standard/B15-F09_13_F475W_sc.jpg,http://www.andromedaproject.org.s3.amazonaws.com/subjects/thumbnail/B15-F09_13_F475W_sc.jpg,11.271659109287564,41.88027610445793
AAP000000h,B15-F09_13_sc,http://www.andromedaproject.org.s3.amazonaws.com/subjects/standard/B15-F09_13_sc.jpg,http://www.andromedaproject.org.s3.amazonaws.com/subjects/thumbnail/B15-F09_13_sc.jpg,11.271659109287564,41.88027610445793
AAP000000i,B15-F09_14,http://www.andromedaproject.org.s3.amazonaws.com/subjects/standard/B15-F09_14.jpg,http://www.andromedaproject.org.s3.amazonaws.com/subjects/thumbnail/B15-F09_14.jpg,11.260143854788785,41.881635190075194
AAP000000j,B15-F09_14_F475W,http://www.andromedaproject.org.s3.amazonaws.com/subjects/standard/B15-F09_14_F475W.jpg,http://www.andromedaproject.org.s3.amazonaws.com/subjects/thumbnail/B15-F09_14_F475W.jpg,11.260143854788785,41.881635190075194
AAP000000k,B15-F09_14_F475W_sc,http://www.andromedaproject.org.s3.amazonaws.com/subjects/standard/B15-F09_14_F475W_sc.jpg,http://www.andromedaproject.org.s3.amazonaws.com/subjects/thumbnail/B15-F09_14_F475W_sc.jpg,11.260143854788785,41.881635190075194
AAP000000l,B15-F09_14_sc,http://www.andromedaproject.org.s3.amazonaws.com/subjects/standard/B15-F09_14_sc.jpg,http://www.andromedaproject.org.s3.amazonaws.com/subjects/thumbnail/B15-F09_14_sc.jpg,11.260143854788785,41.881635190075194
AAP000000m,B15-F09_15,http://www.andromedaproject.org.s3.amazonaws.com/subjects/standard/B15-F09_15.jpg,http://www.andromedaproject.org.s3.amazonaws.com/subjects/thumbnail/B15-F09_15.jpg,11.248628110376323,41.88299312536047
AAP000000n,B15-F09_15_F475W,http://www.andromedaproject.org.s3.amazonaws.com/subjects/standard/B15-F09_15_F475W.jpg,http://www.andromedaproject.org.s3.amazonaws.com/subjects/thumbnail/B15-F09_15_F475W.jpg,11.248628110376323,41.88299312536047
AAP000000o,B15-F09_15_F475W_sc,http://www.andromedaproject.org.s3.amazonaws.com/subjects/standard/B15-F09_15_F475W_sc.jpg,http://www.andromedaproject.org.s3.amazonaws.com/subjects/thumbnail/B15-F09_15_F475W_sc.jpg,11.248628110376323,41.88299312536047
AAP000000p,B15-F09_15_sc,http://www.andromedaproject.org.s3.amazonaws.com/subjects/standard/B15-F09_15_sc.jpg,http://www.andromedaproject.org.s3.amazonaws.com/subjects/thumbnail/B15-F09_15_sc.jpg,11.248628110376323,41.88299312536047
AAP000000q,B15-F09_16,http://www.andromedaproject.org.s3.amazonaws.com/subjects/standard/B15-F09_16.jpg,http://www.andromedaproject.org.s3.amazonaws.com/subjects/thumbnail/B15-F09_16.jpg,11.237111876949283,41.884349910147655
AAP000000r,B15-F09_16_F475W,http://www.andromedaproject.org.s3.amazonaws.com/subjects/standard/B15-F09_16_F475W.jpg,http://www.andromedaproject.org.s3.amazonaws.com/subjects/thumbnail/B15-F09_16_F475W.jpg,11.237111876949283,41.884349910147655
AAP000000s,B15-F09_16_F475W_sc,http://www.andromedaproject.org.s3.amazonaws.com/subjects/standard/B15-F09_16_F475W_sc.jpg,http://www.andromedaproject.org.s3.amazonaws.com/subjects/thumbnail/B15-F09_16_F475W_sc.jpg,11.237111876949283,41.884349910147655
AAP000000t,B15-F09_16_sc,http://www.andromedaproject.org.s3.amazonaws.com/subjects/standard/B15-F09_16_sc.jpg,http://www.andromedaproject.org.s3.amazonaws.com/subjects/thumbnail/B15-F09_16_sc.jpg,11.237111876949283,41.884349910147655
AAP000000u,B15-F09_17,http://www.andromedaproject.org.s3.amazonaws.com/subjects/standard/B15-F09_17.jpg,http://www.andromedaproject.org.s3.amazonaws.com/subjects/thumbnail/B15-F09_17.jpg,11.272827959820146,41.88576307537238
AAP000000v,B15-F09_17_F475W,http://www.andromedaproject.org.s3.amazonaws.com/subjects/standard/B15-F09_17_F475W.jpg,http://www.andromedaproject.org.s3.amazonaws.com/subjects/thumbnail/B15-F09_17_F475W.jpg,11.272827959820146,41.88576307537238
AAP000000w,B15-F09_17_F475W_sc,http://www.andromedaproject.org.s3.amazonaws.com/subjects/standard/B15-F09_17_F475W_sc.jpg,http://www.andromedaproject.org.s3.amazonaws.com/subjects/thumbnail/B15-F09_17_F475W_sc.jpg,11.272827959820146,41.88576307537238
AAP000000x,B15-F09_17_sc,http://www.andromedaproject.org.s3.amazonaws.com/subjects/standard/B15-F09_17_sc.jpg,http://www.andromedaproject.org.s3.amazonaws.com/subjects/thumbnail/B15-F09_17_sc.jpg,11.272827959820146,41.88576307537238
AAP000000y,B15-F09_18,http://www.andromedaproject.org.s3.amazonaws.com/subjects/standard/B15-F09_18.jpg,http://www.andromedaproject.org.s3.amazonaws.com/subjects/thumbnail/B15-F09_18.jpg,11.261311741314463,41.88712227782875
AAP000000z,B15-F09_18_F475W,http://www.andromedaproject.org.s3.amazonaws.com/subjects/standard/B15-F09_18_F475W.jpg,http://www.andromedaproject.org.s3.amazonaws.com/subjects/thumbnail/B15-F09_18_F475W.jpg,11.261311741314463,41.88712227782875
AAP0000010,B15-F09_18_F475W_sc,http://www.andromedaproject.org.s3.amazonaws.com/subjects/standard/B15-F09_18_F475W_sc.jpg,http://www.andromedaproject.org.s3.amazonaws.com/subjects/thumbnail/B15-F09_18_F475W_sc.jpg,11.261311741314463,41.88712227782875
AAP0000011,B15-F09_18_sc,http://www.andromedaproject.org.s3.amazonaws.com/subjects/standard/B15-F09_18_sc.jpg,http://www.andromedaproject.org.s3.amazonaws.com/subjects/thumbnail/B15-F09_18_sc.jpg,11.261311741314463,41.88712227782875
AAP0000012,B15-F09_19,http://www.andromedaproject.org.s3.amazonaws.com/subjects/standard/B15-F09_19.jpg,http://www.andromedaproject.org.s3.amazonaws.com/subjects/thumbnail/B15-F09_19.jpg,11.249795032717593,41.88848032973643
AAP0000013,B15-F09_19_F475W,http://www.andromedaproject.org.s3.amazonaws.com/subjects/standard/B15-F09_19_F475W.jpg,http://www.andromedaproject.org.s3.amazonaws.com/subjects/thumbnail/B15-F09_19_F475W.jpg,11.249795032717593,41.88848032973643
AAP0000014,B15-F09_19_F475W_sc,http://www.andromedaproject.org.s3.amazonaws.com/subjects/standard/B15-F09_19_F475W_sc.jpg,http://www.andromedaproject.org.s3.amazonaws.com/subjects/thumbnail/B15-F09_19_F475W_sc.jpg,11.249795032717593,41.88848032973643
AAP0000015,B15-F09_19_sc,http://www.andromedaproject.org.s3.amazonaws.com/subjects/standard/B15-F09_19_sc.jpg,http://www.andromedaproject.org.s3.amazonaws.com/subjects/thumbnail/B15-F09_19_sc.jpg,11.249795032717593,41.88848032973643
AAP0000016,B15-F09_1_F475W,http://www.andromedaproject.org.s3.amazonaws.com/subjects/standard/B15-F09_1_F475W.jpg,http://www.andromedaproject.org.s3.amazonaws.com/subjects/thumbnail/B15-F09_1_F475W.jpg,11.2681537617611,41.86381512104444
AAP0000017,B15-F09_1_F475W_sc,http://www.andromedaproject.org.s3.amazonaws.com/subjects/standard/B15-F09_1_F475W_sc.jpg,http://www.andromedaproject.org.s3.amazonaws.com/subjects/thumbnail/B15-F09_1_F475W_sc.jpg,11.2681537617611,41.86381512104444
AAP0000018,B15-F09_1_sc,http://www.andromedaproject.org.s3.amazonaws.com/subjects/standard/B15-F09_1_sc.jpg,http://www.andromedaproject.org.s3.amazonaws.com/subjects/thumbnail/B15-F09_1_sc.jpg,11.2681537617611,41.86381512104444
AAP0000019,B15-F09_2,http://www.andromedaproject.org.s3.amazonaws.com/subjects/standard/B15-F09_2.jpg,http://www.andromedaproject.org.s3.amazonaws.com/subjects/thumbnail/B15-F09_2.jpg,11.256641398373057,41.86517385626124
AAP000001a,B15-F09_20,http://www.andromedaproject.org.s3.amazonaws.com/subjects/standard/B15-F09_20.jpg,http://www.andromedaproject.org.s3.amazonaws.com/subjects/thumbnail/B15-F09_20.jpg,11.238277834928951,41.889837230929295
AAP000001b,B15-F09_20_F475W,http://www.andromedaproject.org.s3.amazonaws.com/subjects/standard/B15-F09_20_F475W.jpg,http://www.andromedaproject.org.s3.amazonaws.com/subjects/thumbnail/B15-F09_20_F475W.jpg,11.238277834928951,41.889837230929295
AAP000001c,B15-F09_20_F475W_sc,http://www.andromedaproject.org.s3.amazonaws.com/subjects/standard/B15-F09_20_F475W_sc.jpg,http://www.andromedaproject.org.s3.amazonaws.com/subjects/thumbnail/B15-F09_20_F475W_sc.jpg,11.238277834928951,41.889837230929295
AAP000001d,B15-F09_20_sc,http://www.andromedaproject.org.s3.amazonaws.com/subjects/standard/B15-F09_20_sc.jpg,http://www.andromedaproject.org.s3.amazonaws.com/subjects/thumbnail/B15-F09_20_sc.jpg,11.238277834928951,41.889837230929295
AAP000001e,B15-F09_21,http://www.andromedaproject.org.s3.amazonaws.com/subjects/standard/B15-F09_21.jpg,http://www.andromedaproject.org.s3.amazonaws.com/subjects/thumbnail/B15-F09_21.jpg,11.273997011115853,41.891250034329325
AAP000001f,B15-F09_21_F475W,http://www.andromedaproject.org.s3.amazonaws.com/subjects/standard/B15-F09_21_F475W.jpg,http://www.andromedaproject.org.s3.amazonaws.com/subjects/thumbnail/B15-F09_21_F475W.jpg,11.273997011115853,41.891250034329325
AAP000001g,B15-F09_21_F475W_sc,http://www.andromedaproject.org.s3.amazonaws.com/subjects/standard/B15-F09_21_F475W_sc.jpg,http://www.andromedaproject.org.s3.amazonaws.com/subjects/thumbnail/B15-F09_21_F475W_sc.jpg,11.273997011115853,41.891250034329325
AAP000001h,B15-F09_21_sc,http://www.andromedaproject.org.s3.amazonaws.com/subjects/standard/B15-F09_21_sc.jpg,http://www.andromedaproject.org.s3.amazonaws.com/subjects/thumbnail/B15-F09_21_sc.jpg,11.273997011115853,41.891250034329325
AAP000001i,B15-F09_22,http://www.andromedaproject.org.s3.amazonaws.com/subjects/standard/B15-F09_22.jpg,http://www.andromedaproject.org.s3.amazonaws.com/subjects/thumbnail/B15-F09_22.jpg,11.262479828451498,41.89260935364427
AAP000001j,B15-F09_22_F475W,http://www.andromedaproject.org.s3.amazonaws.com/subjects/standard/B15-F09_22_F475W.jpg,http://www.andromedaproject.org.s3.amazonaws.com/subjects/thumbnail/B15-F09_22_F475W.jpg,11.262479828451498,41.89260935364427
AAP000001k,B15-F09_22_F475W_sc,http://www.andromedaproject.org.s3.amazonaws.com/subjects/standard/B15-F09_22_F475W_sc.jpg,http://www.andromedaproject.org.s3.amazonaws.com/subjects/thumbnail/B15-F09_22_F475W_sc.jpg,11.262479828451498,41.89260935364427
AAP000001l,B15-F09_22_sc,http://www.andromedaproject.org.s3.amazonaws.com/subjects/standard/B15-F09_22_sc.jpg,http://www.andromedaproject.org.s3.amazonaws.com/subjects/thumbnail/B15-F09_22_sc.jpg,11.262479828451498,41.89260935364427
AAP000001m,B15-F09_23,http://www.andromedaproject.org.s3.amazonaws.com/subjects/standard/B15-F09_23.jpg,http://www.andromedaproject.org.s3.amazonaws.com/subjects/thumbnail/B15-F09_23.jpg,11.250962155518447,41.89396752219385
AAP000001n,B15-F09_23_F475W,http://www.andromedaproject.org.s3.amazonaws.com/subjects/standard/B15-F09_23_F475W.jpg,http://www.andromedaproject.org.s3.amazonaws.com/subjects/thumbnail/B15-F09_23_F475W.jpg,11.250962155518447,41.89396752219385
AAP000001o,B15-F09_23_F475W_sc,http://www.andromedaproject.org.s3.amazonaws.com/subjects/standard/B15-F09_23_F475W_sc.jpg,http://www.andromedaproject.org.s3.amazonaws.com/subjects/thumbnail/B15-F09_23_F475W_sc.jpg,11.250962155518447,41.89396752219385
AAP000001p,B15-F09_23_sc,http://www.andromedaproject.org.s3.amazonaws.com/subjects/standard/B15-F09_23_sc.jpg,http://www.andromedaproject.org.s3.amazonaws.com/subjects/thumbnail/B15-F09_23_sc.jpg,11.250962155518447,41.89396752219385
AAP000001q,B15-F09_24,http://www.andromedaproject.org.s3.amazonaws.com/subjects/standard/B15-F09_24.jpg,http://www.andromedaproject.org.s3.amazonaws.com/subjects/thumbnail/B15-F09_24.jpg,11.239443993216284,41.89532453981186
AAP000001r,B15-F09_24_F475W,http://www.andromedaproject.org.s3.amazonaws.com/subjects/standard/B15-F09_24_F475W.jpg,http://www.andromedaproject.org.s3.amazonaws.com/subjects/thumbnail/B15-F09_24_F475W.jpg,11.239443993216284,41.89532453981186
AAP000001s,B15-F09_24_F475W_sc,http://www.andromedaproject.org.s3.amazonaws.com/subjects/standard/B15-F09_24_F475W_sc.jpg,http://www.andromedaproject.org.s3.amazonaws.com/subjects/thumbnail/B15-F09_24_F475W_sc.jpg,11.239443993216284,41.89532453981186
AAP000001t,B15-F09_24_sc,http://www.andromedaproject.org.s3.amazonaws.com/subjects/standard/B15-F09_24_sc.jpg,http://www.andromedaproject.org.s3.amazonaws.com/subjects/thumbnail/B15-F09_24_sc.jpg,11.239443993216284,41.89532453981186
AAP000001u,B15-F09_25,http://www.andromedaproject.org.s3.amazonaws.com/subjects/standard/B15-F09_25.jpg,http://www.andromedaproject.org.s3.amazonaws.com/subjects/thumbnail/B15-F09_25.jpg,11.275166263225394,41.896736981221245
AAP000001v,B15-F09_25_F475W,http://www.andromedaproject.org.s3.amazonaws.com/subjects/standard/B15-F09_25_F475W.jpg,http://www.andromedaproject.org.s3.amazonaws.com/subjects/thumbnail/B15-F09_25_F475W.jpg,11.275166263225394,41.896736981221245
AAP000001w,B15-F09_25_F475W_sc,http://www.andromedaproject.org.s3.amazonaws.com/subjects/standard/B15-F09_25_F475W_sc.jpg,http://www.andromedaproject.org.s3.amazonaws.com/subjects/thumbnail/B15-F09_25_F475W_sc.jpg,11.275166263225394,41.896736981221245
AAP000001x,B15-F09_25_sc,http://www.andromedaproject.org.s3.amazonaws.com/subjects/standard/B15-F09_25_sc.jpg,http://www.andromedaproject.org.s3.amazonaws.com/subjects/thumbnail/B15-F09_25_sc.jpg,11.275166263225394,41.896736981221245
AAP000001y,B15-F09_26,http://www.andromedaproject.org.s3.amazonaws.com/subjects/standard/B15-F09_26.jpg,http://www.andromedaproject.org.s3.amazonaws.com/subjects/thumbnail/B15-F09_26.jpg,11.263648116250634,41.89809641741428
AAP000001z,B15-F09_26_F475W,http://www.andromedaproject.org.s3.amazonaws.com/subjects/standard/B15-F09_26_F475W.jpg,http://www.andromedaproject.org.s3.amazonaws.com/subjects/thumbnail/B15-F09_26_F475W.jpg,11.263648116250634,41.89809641741428
AAP0000020,B15-F09_26_F475W_sc,http://www.andromedaproject.org.s3.amazonaws.com/subjects/standard/B15-F09_26_F475W_sc.jpg,http://www.andromedaproject.org.s3.amazonaws.com/subjects/thumbnail/B15-F09_26_F475W_sc.jpg,11.263648116250634,41.89809641741428
AAP0000021,B15-F09_26_sc,http://www.andromedaproject.org.s3.amazonaws.com/subjects/standard/B15-F09_26_sc.jpg,http://www.andromedaproject.org.s3.amazonaws.com/subjects/thumbnail/B15-F09_26_sc.jpg,11.263648116250634,41.89809641741428
AAP0000022,B15-F09_27,http://www.andromedaproject.org.s3.amazonaws.com/subjects/standard/B15-F09_27.jpg,http://www.andromedaproject.org.s3.amazonaws.com/subjects/thumbnail/B15-F09_27.jpg,11.252129478829564,41.899454702625206
AAP0000023,B15-F09_27_F475W,http://www.andromedaproject.org.s3.amazonaws.com/subjects/standard/B15-F09_27_F475W.jpg,http://www.andromedaproject.org.s3.amazonaws.com/subjects/thumbnail/B15-F09_27_F475W.jpg,11.252129478829564,41.899454702625206
AAP0000024,B15-F09_27_F475W_sc,http://www.andromedaproject.org.s3.amazonaws.com/subjects/standard/B15-F09_27_F475W_sc.jpg,http://www.andromedaproject.org.s3.amazonaws.com/subjects/thumbnail/B15-F09_27_F475W_sc.jpg,11.252129478829564,41.899454702625206
AAP0000025,B15-F09_27_sc,http://www.andromedaproject.org.s3.amazonaws.com/subjects/standard/B15-F09_27_sc.jpg,http://www.andromedaproject.org.s3.amazonaws.com/subjects/thumbnail/B15-F09_27_sc.jpg,11.252129478829564,41.899454702625206
AAP0000026,B15-F09_28,http://www.andromedaproject.org.s3.amazonaws.com/subjects/standard/B15-F09_28.jpg,http://www.andromedaproject.org.s3.amazonaws.com/subjects/thumbnail/B15-F09_28.jpg,11.240610351862006,41.900811836687815
AAP0000027,B15-F09_28_F475W,http://www.andromedaproject.org.s3.amazonaws.com/subjects/standard/B15-F09_28_F475W.jpg,http://www.andromedaproject.org.s3.amazonaws.com/subjects/thumbnail/B15-F09_28_F475W.jpg,11.240610351862006,41.900811836687815
AAP0000028,B15-F09_28_F475W_sc,http://www.andromedaproject.org.s3.amazonaws.com/subjects/standard/B15-F09_28_F475W_sc.jpg,http://www.andromedaproject.org.s3.amazonaws.com/subjects/thumbnail/B15-F09_28_F475W_sc.jpg,11.240610351862006,41.900811836687815
AAP0000029,B15-F09_28_sc,http://www.andromedaproject.org.s3.amazonaws.com/subjects/standard/B15-F09_28_sc.jpg,http://www.andromedaproject.org.s3.amazonaws.com/subjects/thumbnail/B15-F09_28_sc.jpg,11.240610351862006,41.900811836687815
AAP000002a,B15-F09_2_F475W,http://www.andromedaproject.org.s3.amazonaws.com/subjects/standard/B15-F09_2_F475W.jpg,http://www.andromedaproject.org.s3.amazonaws.com/subjects/thumbnail/B15-F09_2_F475W.jpg,11.256641398373057,41.86517385626124
AAP000002b,B15-F09_2_F475W_sc,http://www.andromedaproject.org.s3.amazonaws.com/subjects/standard/B15-F09_2_F475W_sc.jpg,http://www.andromedaproject.org.s3.amazonaws.com/subjects/thumbnail/B15-F09_2_F475W_sc.jpg,11.256641398373057,41.86517385626124
AAP000002c,B15-F09_2_sc,http://www.andromedaproject.org.s3.amazonaws.com/subjects/standard/B15-F09_2_sc.jpg,http://www.andromedaproject.org.s3.amazonaws.com/subjects/thumbnail/B15-F09_2_sc.jpg,11.256641398373057,41.86517385626124
AAP000002d,B15-F09_3,http://www.andromedaproject.org.s3.amazonaws.com/subjects/standard/B15-F09_3.jpg,http://www.andromedaproject.org.s3.amazonaws.com/subjects/thumbnail/B15-F09_3.jpg,11.245128545603267,41.866531441796035
AAP000002e,B15-F09_3_F475W,http://www.andromedaproject.org.s3.amazonaws.com/subjects/standard/B15-F09_3_F475W.jpg,http://www.andromedaproject.org.s3.amazonaws.com/subjects/thumbnail/B15-F09_3_F475W.jpg,11.245128545603267,41.866531441796035
AAP000002f,B15-F09_3_F475W_sc,http://www.andromedaproject.org.s3.amazonaws.com/subjects/standard/B15-F09_3_F475W_sc.jpg,http://www.andromedaproject.org.s3.amazonaws.com/subjects/thumbnail/B15-F09_3_F475W_sc.jpg,11.245128545603267,41.866531441796035
AAP000002g,B15-F09_3_sc,http://www.andromedaproject.org.s3.amazonaws.com/subjects/standard/B15-F09_3_sc.jpg,http://www.andromedaproject.org.s3.amazonaws.com/subjects/thumbnail/B15-F09_3_sc.jpg,11.245128545603267,41.866531441796035
AAP000002h,B15-F09_4,http://www.andromedaproject.org.s3.amazonaws.com/subjects/standard/B15-F09_4.jpg,http://www.andromedaproject.org.s3.amazonaws.com/subjects/thumbnail/B15-F09_4.jpg,11.233615204350267,41.86788787748288
AAP000002i,B15-F09_4_F475W,http://www.andromedaproject.org.s3.amazonaws.com/subjects/standard/B15-F09_4_F475W.jpg,http://www.andromedaproject.org.s3.amazonaws.com/subjects/thumbnail/B15-F09_4_F475W.jpg,11.233615204350267,41.86788787748288
AAP000002j,B15-F09_4_F475W_sc,http://www.andromedaproject.org.s3.amazonaws.com/subjects/standard/B15-F09_4_F475W_sc.jpg,http://www.andromedaproject.org.s3.amazonaws.com/subjects/thumbnail/B15-F09_4_F475W_sc.jpg,11.233615204350267,41.86788787748288
AAP000002k,B15-F09_4_sc,http://www.andromedaproject.org.s3.amazonaws.com/subjects/standard/B15-F09_4_sc.jpg,http://www.andromedaproject.org.s3.amazonaws.com/subjects/thumbnail/B15-F09_4_sc.jpg,11.233615204350267,41.86788787748288
AAP000002l,B15-F09_5,http://www.andromedaproject.org.s3.amazonaws.com/subjects/standard/B15-F09_5.jpg,http://www.andromedaproject.org.s3.amazonaws.com/subjects/thumbnail/B15-F09_5.jpg,11.269322010308748,41.86930212718646
AAP000002m,B15-F09_5_F475W,http://www.andromedaproject.org.s3.amazonaws.com/subjects/standard/B15-F09_5_F475W.jpg,http://www.andromedaproject.org.s3.amazonaws.com/subjects/thumbnail/B15-F09_5_F475W.jpg,11.269322010308748,41.86930212718646
AAP000002n,B15-F09_5_F475W_sc,http://www.andromedaproject.org.s3.amazonaws.com/subjects/standard/B15-F09_5_F475W_sc.jpg,http://www.andromedaproject.org.s3.amazonaws.com/subjects/thumbnail/B15-F09_5_F475W_sc.jpg,11.269322010308748,41.86930212718646
AAP000002o,B15-F09_5_sc,http://www.andromedaproject.org.s3.amazonaws.com/subjects/standard/B15-F09_5_sc.jpg,http://www.andromedaproject.org.s3.amazonaws.com/subjects/thumbnail/B15-F09_5_sc.jpg,11.269322010308748,41.86930212718646
AAP000002p,B15-F09_6,http://www.andromedaproject.org.s3.amazonaws.com/subjects/standard/B15-F09_6.jpg,http://www.andromedaproject.org.s3.amazonaws.com/subjects/thumbnail/B15-F09_6.jpg,11.257808683368774,41.87066097918395
AAP000002q,B15-F09_6_F475W,http://www.andromedaproject.org.s3.amazonaws.com/subjects/standard/B15-F09_6_F475W.jpg,http://www.andromedaproject.org.s3.amazonaws.com/subjects/thumbnail/B15-F09_6_F475W.jpg,11.257808683368774,41.87066097918395
AAP000002r,B15-F09_6_F475W_sc,http://www.andromedaproject.org.s3.amazonaws.com/subjects/standard/B15-F09_6_F475W_sc.jpg,http://www.andromedaproject.org.s3.amazonaws.com/subjects/thumbnail/B15-F09_6_F475W_sc.jpg,11.257808683368774,41.87066097918395
AAP000002s,B15-F09_6_sc,http://www.andromedaproject.org.s3.amazonaws.com/subjects/standard/B15-F09_6_sc.jpg,http://www.andromedaproject.org.s3.amazonaws.com/subjects/thumbnail/B15-F09_6_sc.jpg,11.257808683368774,41.87066097918395
AAP000002t,B15-F09_7,http://www.andromedaproject.org.s3.amazonaws.com/subjects/standard/B15-F09_7.jpg,http://www.andromedaproject.org.s3.amazonaws.com/subjects/thumbnail/B15-F09_7.jpg,11.246294866869798,41.87201868128279
AAP000002u,B15-F09_7_F475W,http://www.andromedaproject.org.s3.amazonaws.com/subjects/standard/B15-F09_7_F475W.jpg,http://www.andromedaproject.org.s3.amazonaws.com/subjects/thumbnail/B15-F09_7_F475W.jpg,11.246294866869798,41.87201868128279
AAP000002v,B15-F09_7_F475W_sc,http://www.andromedaproject.org.s3.amazonaws.com/subjects/standard/B15-F09_7_F475W_sc.jpg,http://www.andromedaproject.org.s3.amazonaws.com/subjects/thumbnail/B15-F09_7_F475W_sc.jpg,11.246294866869798,41.87201868128279
AAP000002w,B15-F09_7_sc,http://www.andromedaproject.org.s3.amazonaws.com/subjects/standard/B15-F09_7_sc.jpg,http://www.andromedaproject.org.s3.amazonaws.com/subjects/thumbnail/B15-F09_7_sc.jpg,11.246294866869798,41.87201868128279
AAP000002x,B15-F09_8,http://www.andromedaproject.org.s3.amazonaws.com/subjects/standard/B15-F09_8.jpg,http://www.andromedaproject.org.s3.amazonaws.com/subjects/thumbnail/B15-F09_8.jpg,11.23478056171057,41.87337523331696
AAP000002y,B15-F09_8_F475W,http://www.andromedaproject.org.s3.amazonaws.com/subjects/standard/B15-F09_8_F475W.jpg,http://www.andromedaproject.org.s3.amazonaws.com/subjects/thumbnail/B15-F09_8_F475W.jpg,11.23478056171057,41.87337523331696
AAP000002z,B15-F09_8_F475W_sc,http://www.andromedaproject.org.s3.amazonaws.com/subjects/standard/B15-F09_8_F475W_sc.jpg,http://www.andromedaproject.org.s3.amazonaws.com/subjects/thumbnail/B15-F09_8_F475W_sc.jpg,11.23478056171057,41.87337523331696
AAP0000030,B15-F09_8_sc,http://www.andromedaproject.org.s3.amazonaws.com/subjects/standard/B15-F09_8_sc.jpg,http://www.andromedaproject.org.s3.amazonaws.com/subjects/thumbnail/B15-F09_8_sc.jpg,11.23478056171057,41.87337523331696
AAP0000031,B15-F09_9,http://www.andromedaproject.org.s3.amazonaws.com/subjects/standard/B15-F09_9.jpg,http://www.andromedaproject.org.s3.amazonaws.com/subjects/thumbnail/B15-F09_9.jpg,11.27049045946733,41.87478912169346
AAP0000032,B15-F09_9_F475W,http://www.andromedaproject.org.s3.amazonaws.com/subjects/standard/B15-F09_9_F475W.jpg,http://www.andromedaproject.org.s3.amazonaws.com/subjects/thumbnail/B15-F09_9_F475W.jpg,11.27049045946733,41.87478912169346
AAP0000033,B15-F09_9_F475W_sc,http://www.andromedaproject.org.s3.amazonaws.com/subjects/standard/B15-F09_9_F475W_sc.jpg,http://www.andromedaproject.org.s3.amazonaws.com/subjects/thumbnail/B15-F09_9_F475W_sc.jpg,11.27049045946733,41.87478912169346
AAP0000034,B15-F09_9_sc,http://www.andromedaproject.org.s3.amazonaws.com/subjects/standard/B15-F09_9_sc.jpg,http://www.andromedaproject.org.s3.amazonaws.com/subjects/thumbnail/B15-F09_9_sc.jpg,11.27049045946733,41.87478912169346
AAP0000035,B15-F11_1,http://www.andromedaproject.org.s3.amazonaws.com/subjects/standard/B15-F11_1.jpg,http://www.andromedaproject.org.s3.amazonaws.com/subjects/thumbnail/B15-F11_1.jpg,11.179755999491933,41.874215120744736
AAP0000036,B15-F11_10,http://www.andromedaproject.org.s3.amazonaws.com/subjects/standard/B15-F11_10.jpg,http://www.andromedaproject.org.s3.amazonaws.com/subjects/thumbnail/B15-F11_10.jpg,11.170576913686947,41.88654809045791
AAP0000037,B15-F11_10_F475W,http://www.andromedaproject.org.s3.amazonaws.com/subjects/standard/B15-F11_10_F475W.jpg,http://www.andromedaproject.org.s3.amazonaws.com/subjects/thumbnail/B15-F11_10_F475W.jpg,11.170576913686947,41.88654809045791
AAP0000038,B15-F11_10_F475W_sc,http://www.andromedaproject.org.s3.amazonaws.com/subjects/standard/B15-F11_10_F475W_sc.jpg,http://www.andromedaproject.org.s3.amazonaws.com/subjects/thumbnail/B15-F11_10_F475W_sc.jpg,11.170576913686947,41.88654809045791
AAP0000039,B15-F11_10_sc,http://www.andromedaproject.org.s3.amazonaws.com/subjects/standard/B15-F11_10_sc.jpg,http://www.andromedaproject.org.s3.amazonaws.com/subjects/thumbnail/B15-F11_10_sc.jpg,11.170576913686947,41.88654809045791
AAP000003a,B15-F11_11,http://www.andromedaproject.org.s3.amazonaws.com/subjects/standard/B15-F11_11.jpg,http://www.andromedaproject.org.s3.amazonaws.com/subjects/thumbnail/B15-F11_11.jpg,11.15906025899206,41.88790590909715
AAP000003b,B15-F11_11_F475W,http://www.andromedaproject.org.s3.amazonaws.com/subjects/standard/B15-F11_11_F475W.jpg,http://www.andromedaproject.org.s3.amazonaws.com/subjects/thumbnail/B15-F11_11_F475W.jpg,11.15906025899206,41.88790590909715
AAP000003c,B15-F11_11_F475W_sc,http://www.andromedaproject.org.s3.amazonaws.com/subjects/standard/B15-F11_11_F475W_sc.jpg,http://www.andromedaproject.org.s3.amazonaws.com/subjects/thumbnail/B15-F11_11_F475W_sc.jpg,11.15906025899206,41.88790590909715
AAP000003d,B15-F11_11_sc,http://www.andromedaproject.org.s3.amazonaws.com/subjects/standard/B15-F11_11_sc.jpg,http://www.andromedaproject.org.s3.amazonaws.com/subjects/thumbnail/B15-F11_11_sc.jpg,11.15906025899206,41.88790590909715
AAP000003e,B15-F11_12,http://www.andromedaproject.org.s3.amazonaws.com/subjects/standard/B15-F11_12.jpg,http://www.andromedaproject.org.s3.amazonaws.com/subjects/thumbnail/B15-F11_12.jpg,11.147543115201643,41.88926257703486
AAP000003f,B15-F11_12_F475W,http://www.andromedaproject.org.s3.amazonaws.com/subjects/standard/B15-F11_12_F475W.jpg,http://www.andromedaproject.org.s3.amazonaws.com/subjects/thumbnail/B15-F11_12_F475W.jpg,11.147543115201643,41.88926257703486
AAP000003g,B15-F11_12_F475W_sc,http://www.andromedaproject.org.s3.amazonaws.com/subjects/standard/B15-F11_12_F475W_sc.jpg,http://www.andromedaproject.org.s3.amazonaws.com/subjects/thumbnail/B15-F11_12_F475W_sc.jpg,11.147543115201643,41.88926257703486
AAP000003h,B15-F11_12_sc,http://www.andromedaproject.org.s3.amazonaws.com/subjects/standard/B15-F11_12_sc.jpg,http://www.andromedaproject.org.s3.amazonaws.com/subjects/thumbnail/B15-F11_12_sc.jpg,11.147543115201643,41.88926257703486
AAP000003i,B15-F11_13,http://www.andromedaproject.org.s3.amazonaws.com/subjects/standard/B15-F11_13.jpg,http://www.andromedaproject.org.s3.amazonaws.com/subjects/thumbnail/B15-F11_13.jpg,11.183261918960572,41.890676103986
AAP000003j,B15-F11_13_F475W,http://www.andromedaproject.org.s3.amazonaws.com/subjects/standard/B15-F11_13_F475W.jpg,http://www.andromedaproject.org.s3.amazonaws.com/subjects/thumbnail/B15-F11_13_F475W.jpg,11.183261918960572,41.890676103986
AAP000003k,B15-F11_13_F475W_sc,http://www.andromedaproject.org.s3.amazonaws.com/subjects/standard/B15-F11_13_F475W_sc.jpg,http://www.andromedaproject.org.s3.amazonaws.com/subjects/thumbnail/B15-F11_13_F475W_sc.jpg,11.183261918960572,41.890676103986
AAP000003l,B15-F11_13_sc,http://www.andromedaproject.org.s3.amazonaws.com/subjects/standard/B15-F11_13_sc.jpg,http://www.andromedaproject.org.s3.amazonaws.com/subjects/thumbnail/B15-F11_13_sc.jpg,11.183261918960572,41.890676103986
AAP000003m,B15-F11_14,http://www.andromedaproject.org.s3.amazonaws.com/subjects/standard/B15-F11_14.jpg,http://www.andromedaproject.org.s3.amazonaws.com/subjects/thumbnail/B15-F11_14.jpg,11.171744789896385,41.89203519002291
AAP000003n,B15-F11_14_F475W,http://www.andromedaproject.org.s3.amazonaws.com/subjects/standard/B15-F11_14_F475W.jpg,http://www.andromedaproject.org.s3.amazonaws.com/subjects/thumbnail/B15-F11_14_F475W.jpg,11.171744789896385,41.89203519002291
AAP000003o,B15-F11_14_F475W_sc,http://www.andromedaproject.org.s3.amazonaws.com/subjects/standard/B15-F11_14_F475W_sc.jpg,http://www.andromedaproject.org.s3.amazonaws.com/subjects/thumbnail/B15-F11_14_F475W_sc.jpg,11.171744789896385,41.89203519002291
AAP000003p,B15-F11_14_sc,http://www.andromedaproject.org.s3.amazonaws.com/subjects/standard/B15-F11_14_sc.jpg,http://www.andromedaproject.org.s3.amazonaws.com/subjects/thumbnail/B15-F11_14_sc.jpg,11.171744789896385,41.89203519002291
AAP000003q,B15-F11_15,http://www.andromedaproject.org.s3.amazonaws.com/subjects/standard/B15-F11_15.jpg,http://www.andromedaproject.org.s3.amazonaws.com/subjects/thumbnail/B15-F11_15.jpg,11.160227170659809,41.89339312530769
AAP000003r,B15-F11_15_F475W,http://www.andromedaproject.org.s3.amazonaws.com/subjects/standard/B15-F11_15_F475W.jpg,http://www.andromedaproject.org.s3.amazonaws.com/subjects/thumbnail/B15-F11_15_F475W.jpg,11.160227170659809,41.89339312530769
AAP000003s,B15-F11_15_F475W_sc,http://www.andromedaproject.org.s3.amazonaws.com/subjects/standard/B15-F11_15_F475W_sc.jpg,http://www.andromedaproject.org.s3.amazonaws.com/subjects/thumbnail/B15-F11_15_F475W_sc.jpg,11.160227170659809,41.89339312530769
AAP000003t,B15-F11_15_sc,http://www.andromedaproject.org.s3.amazonaws.com/subjects/standard/B15-F11_15_sc.jpg,http://www.andromedaproject.org.s3.amazonaws.com/subjects/thumbnail/B15-F11_15_sc.jpg,11.160227170659809,41.89339312530769
AAP000003u,B15-F11_16,http://www.andromedaproject.org.s3.amazonaws.com/subjects/standard/B15-F11_16.jpg,http://www.andromedaproject.org.s3.amazonaws.com/subjects/thumbnail/B15-F11_16.jpg,11.14870906215037,41.89474990967415
AAP000003v,B15-F11_16_F475W,http://www.andromedaproject.org.s3.amazonaws.com/subjects/standard/B15-F11_16_F475W.jpg,http://www.andromedaproject.org.s3.amazonaws.com/subjects/thumbnail/B15-F11_16_F475W.jpg,11.14870906215037,41.89474990967415
AAP000003w,B15-F11_16_F475W_sc,http://www.andromedaproject.org.s3.amazonaws.com/subjects/standard/B15-F11_16_F475W_sc.jpg,http://www.andromedaproject.org.s3.amazonaws.com/subjects/thumbnail/B15-F11_16_F475W_sc.jpg,11.14870906215037,41.89474990967415
AAP000003x,B15-F11_16_sc,http://www.andromedaproject.org.s3.amazonaws.com/subjects/standard/B15-F11_16_sc.jpg,http://www.andromedaproject.org.s3.amazonaws.com/subjects/thumbnail/B15-F11_16_sc.jpg,11.14870906215037,41.89474990967415
AAP000003y,B15-F11_17,http://www.andromedaproject.org.s3.amazonaws.com/subjects/standard/B15-F11_17.jpg,http://www.andromedaproject.org.s3.amazonaws.com/subjects/thumbnail/B15-F11_17.jpg,11.184430960352666,41.89616307483438
AAP000003z,B15-F11_17_F475W,http://www.andromedaproject.org.s3.amazonaws.com/subjects/standard/B15-F11_17_F475W.jpg,http://www.andromedaproject.org.s3.amazonaws.com/subjects/thumbnail/B15-F11_17_F475W.jpg,11.184430960352666,41.89616307483438
AAP0000040,B15-F11_17_F475W_sc,http://www.andromedaproject.org.s3.amazonaws.com/subjects/standard/B15-F11_17_F475W_sc.jpg,http://www.andromedaproject.org.s3.amazonaws.com/subjects/thumbnail/B15-F11_17_F475W_sc.jpg,11.184430960352666,41.89616307483438
AAP0000041,B15-F11_17_sc,http://www.andromedaproject.org.s3.amazonaws.com/subjects/standard/B15-F11_17_sc.jpg,http://www.andromedaproject.org.s3.amazonaws.com/subjects/thumbnail/B15-F11_17_sc.jpg,11.184430960352666,41.89616307483438
AAP0000042,B15-F11_18,http://www.andromedaproject.org.s3.amazonaws.com/subjects/standard/B15-F11_18.jpg,http://www.andromedaproject.org.s3.amazonaws.com/subjects/thumbnail/B15-F11_18.jpg,11.172912866772464,41.89752227775305
AAP0000043,B15-F11_18_F475W,http://www.andromedaproject.org.s3.amazonaws.com/subjects/standard/B15-F11_18_F475W.jpg,http://www.andromedaproject.org.s3.amazonaws.com/subjects/thumbnail/B15-F11_18_F475W.jpg,11.172912866772464,41.89752227775305
AAP0000044,B15-F11_18_F475W_sc,http://www.andromedaproject.org.s3.amazonaws.com/subjects/standard/B15-F11_18_F475W_sc.jpg,http://www.andromedaproject.org.s3.amazonaws.com/subjects/thumbnail/B15-F11_18_F475W_sc.jpg,11.172912866772464,41.89752227775305
AAP0000045,B15-F11_18_sc,http://www.andromedaproject.org.s3.amazonaws.com/subjects/standard/B15-F11_18_sc.jpg,http://www.andromedaproject.org.s3.amazonaws.com/subjects/thumbnail/B15-F11_18_sc.jpg,11.172912866772464,41.89752227775305
AAP0000046,B15-F11_19,http://www.andromedaproject.org.s3.amazonaws.com/subjects/standard/B15-F11_19.jpg,http://www.andromedaproject.org.s3.amazonaws.com/subjects/thumbnail/B15-F11_19.jpg,11.161394282842247,41.898880329702834
AAP0000047,B15-F11_19_F475W,http://www.andromedaproject.org.s3.amazonaws.com/subjects/standard/B15-F11_19_F475W.jpg,http://www.andromedaproject.org.s3.amazonaws.com/subjects/thumbnail/B15-F11_19_F475W.jpg,11.161394282842247,41.898880329702834
AAP0000048,B15-F11_19_F475W_sc,http://www.andromedaproject.org.s3.amazonaws.com/subjects/standard/B15-F11_19_F475W_sc.jpg,http://www.andromedaproject.org.s3.amazonaws.com/subjects/thumbnail/B15-F11_19_F475W_sc.jpg,11.161394282842247,41.898880329702834
AAP0000049,B15-F11_19_sc,http://www.andromedaproject.org.s3.amazonaws.com/subjects/standard/B15-F11_19_sc.jpg,http://www.andromedaproject.org.s3.amazonaws.com/subjects/thumbnail/B15-F11_19_sc.jpg,11.161394282842247,41.898880329702834
AAP000004a,B15-F11_1_F475W,http://www.andromedaproject.org.s3.amazonaws.com/subjects/standard/B15-F11_1_F475W.jpg,http://www.andromedaproject.org.s3.amazonaws.com/subjects/thumbnail/B15-F11_1_F475W.jpg,11.179755999491933,41.874215120744736
AAP000004b,B15-F11_1_F475W_sc,http://www.andromedaproject.org.s3.amazonaws.com/subjects/standard/B15-F11_1_F475W_sc.jpg,http://www.andromedaproject.org.s3.amazonaws.com/subjects/thumbnail/B15-F11_1_F475W_sc.jpg,11.179755999491933,41.874215120744736
AAP000004c,B15-F11_1_sc,http://www.andromedaproject.org.s3.amazonaws.com/subjects/standard/B15-F11_1_sc.jpg,http://www.andromedaproject.org.s3.amazonaws.com/subjects/thumbnail/B15-F11_1_sc.jpg,11.179755999491933,41.874215120744736
AAP000004d,B15-F11_2,http://www.andromedaproject.org.s3.amazonaws.com/subjects/standard/B15-F11_2.jpg,http://www.andromedaproject.org.s3.amazonaws.com/subjects/thumbnail/B15-F11_2.jpg,11.168241763064966,41.87557385625326
AAP000004e,B15-F11_20,http://www.andromedaproject.org.s3.amazonaws.com/subjects/standard/B15-F11_20.jpg,http://www.andromedaproject.org.s3.amazonaws.com/subjects/thumbnail/B15-F11_20.jpg,11.149875209461861,41.900237230517504
AAP000004f,B15-F11_20_F475W,http://www.andromedaproject.org.s3.amazonaws.com/subjects/standard/B15-F11_20_F475W.jpg,http://www.andromedaproject.org.s3.amazonaws.com/subjects/thumbnail/B15-F11_20_F475W.jpg,11.149875209461861,41.900237230517504
AAP000004g,B15-F11_20_F475W_sc,http://www.andromedaproject.org.s3.amazonaws.com/subjects/standard/B15-F11_20_F475W_sc.jpg,http://www.andromedaproject.org.s3.amazonaws.com/subjects/thumbnail/B15-F11_20_F475W_sc.jpg,11.149875209461861,41.900237230517504
AAP000004h,B15-F11_20_sc,http://www.andromedaproject.org.s3.amazonaws.com/subjects/standard/B15-F11_20_sc.jpg,http://www.andromedaproject.org.s3.amazonaws.com/subjects/thumbnail/B15-F11_20_sc.jpg,11.149875209461861,41.900237230517504
AAP000004i,B15-F11_21,http://www.andromedaproject.org.s3.amazonaws.com/subjects/standard/B15-F11_21.jpg,http://www.andromedaproject.org.s3.amazonaws.com/subjects/thumbnail/B15-F11_21.jpg,11.185600202614008,41.9016500337209
AAP000004j,B15-F11_21_F475W,http://www.andromedaproject.org.s3.amazonaws.com/subjects/standard/B15-F11_21_F475W.jpg,http://www.andromedaproject.org.s3.amazonaws.com/subjects/thumbnail/B15-F11_21_F475W.jpg,11.185600202614008,41.9016500337209
AAP000004k,B15-F11_21_F475W_sc,http://www.andromedaproject.org.s3.amazonaws.com/subjects/standard/B15-F11_21_F475W_sc.jpg,http://www.andromedaproject.org.s3.amazonaws.com/subjects/thumbnail/B15-F11_21_F475W_sc.jpg,11.185600202614008,41.9016500337209
AAP000004l,B15-F11_21_sc,http://www.andromedaproject.org.s3.amazonaws.com/subjects/standard/B15-F11_21_sc.jpg,http://www.andromedaproject.org.s3.amazonaws.com/subjects/thumbnail/B15-F11_21_sc.jpg,11.185600202614008,41.9016500337209
AAP000004m,B15-F11_22,http://www.andromedaproject.org.s3.amazonaws.com/subjects/standard/B15-F11_22.jpg,http://www.andromedaproject.org.s3.amazonaws.com/subjects/thumbnail/B15-F11_22.jpg,11.17408114436589,41.90300935354083
AAP000004n,B15-F11_22_F475W,http://www.andromedaproject.org.s3.amazonaws.com/subjects/standard/B15-F11_22_F475W.jpg,http://www.andromedaproject.org.s3.amazonaws.com/subjects/thumbnail/B15-F11_22_F475W.jpg,11.17408114436589,41.90300935354083
AAP000004o,B15-F11_22_F475W_sc,http://www.andromedaproject.org.s3.amazonaws.com/subjects/standard/B15-F11_22_F475W_sc.jpg,http://www.andromedaproject.org.s3.amazonaws.com/subjects/thumbnail/B15-F11_22_F475W_sc.jpg,11.17408114436589,41.90300935354083
AAP000004p,B15-F11_22_sc,http://www.andromedaproject.org.s3.amazonaws.com/subjects/standard/B15-F11_22_sc.jpg,http://www.andromedaproject.org.s3.amazonaws.com/subjects/thumbnail/B15-F11_22_sc.jpg,11.17408114436589,41.90300935354083
AAP000004q,B15-F11_23,http://www.andromedaproject.org.s3.amazonaws.com/subjects/standard/B15-F11_23.jpg,http://www.andromedaproject.org.s3.amazonaws.com/subjects/thumbnail/B15-F11_23.jpg,11.162561595590127,41.90436752217511
AAP000004r,B15-F11_23_F475W,http://www.andromedaproject.org.s3.amazonaws.com/subjects/standard/B15-F11_23_F475W.jpg,http://www.andromedaproject.org.s3.amazonaws.com/subjects/thumbnail/B15-F11_23_F475W.jpg,11.162561595590127,41.90436752217511
AAP000004s,B15-F11_23_F475W_sc,http://www.andromedaproject.org.s3.amazonaws.com/subjects/standard/B15-F11_23_F475W_sc.jpg,http://www.andromedaproject.org.s3.amazonaws.com/subjects/thumbnail/B15-F11_23_F475W_sc.jpg,11.162561595590127,41.90436752217511
AAP000004t,B15-F11_23_sc,http://www.andromedaproject.org.s3.amazonaws.com/subjects/standard/B15-F11_23_sc.jpg,http://www.andromedaproject.org.s3.amazonaws.com/subjects/thumbnail/B15-F11_23_sc.jpg,11.162561595590127,41.90436752217511
AAP000004u,B15-F11_24,http://www.andromedaproject.org.s3.amazonaws.com/subjects/standard/B15-F11_24.jpg,http://www.andromedaproject.org.s3.amazonaws.com/subjects/thumbnail/B15-F11_24.jpg,11.151041557186732,41.90572453945749
AAP000004v,B15-F11_24_F475W,http://www.andromedaproject.org.s3.amazonaws.com/subjects/standard/B15-F11_24_F475W.jpg,http://www.andromedaproject.org.s3.amazonaws.com/subjects/thumbnail/B15-F11_24_F475W.jpg,11.151041557186732,41.90572453945749
AAP000004w,B15-F11_24_F475W_sc,http://www.andromedaproject.org.s3.amazonaws.com/subjects/standard/B15-F11_24_F475W_sc.jpg,http://www.andromedaproject.org.s3.amazonaws.com/subjects/thumbnail/B15-F11_24_F475W_sc.jpg,11.151041557186732,41.90572453945749
AAP000004x,B15-F11_24_sc,http://www.andromedaproject.org.s3.amazonaws.com/subjects/standard/B15-F11_24_sc.jpg,http://www.andromedaproject.org.s3.amazonaws.com/subjects/thumbnail/B15-F11_24_sc.jpg,11.151041557186732,41.90572453945749
AAP000004y,B15-F11_25,http://www.andromedaproject.org.s3.amazonaws.com/subjects/standard/B15-F11_25.jpg,http://www.andromedaproject.org.s3.amazonaws.com/subjects/thumbnail/B15-F11_25.jpg,11.186769645795366,41.90713698053805
AAP000004z,B15-F11_25_F475W,http://www.andromedaproject.org.s3.amazonaws.com/subjects/standard/B15-F11_25_F475W.jpg,http://www.andromedaproject.org.s3.amazonaws.com/subjects/thumbnail/B15-F11_25_F475W.jpg,11.186769645795366,41.90713698053805
AAP0000050,B15-F11_25_F475W_sc,http://www.andromedaproject.org.s3.amazonaws.com/subjects/standard/B15-F11_25_F475W_sc.jpg,http://www.andromedaproject.org.s3.amazonaws.com/subjects/thumbnail/B15-F11_25_F475W_sc.jpg,11.186769645795366,41.90713698053805
AAP0000051,B15-F11_25_sc,http://www.andromedaproject.org.s3.amazonaws.com/subjects/standard/B15-F11_25_sc.jpg,http://www.andromedaproject.org.s3.amazonaws.com/subjects/thumbnail/B15-F11_25_sc.jpg,11.186769645795366,41.90713698053805
AAP0000052,B15-F11_26,http://www.andromedaproject.org.s3.amazonaws.com/subjects/standard/B15-F11_26.jpg,http://www.andromedaproject.org.s3.amazonaws.com/subjects/thumbnail/B15-F11_26.jpg,11.175249622727456,41.90849641727877
AAP0000053,B15-F11_26_F475W,http://www.andromedaproject.org.s3.amazonaws.com/subjects/standard/B15-F11_26_F475W.jpg,http://www.andromedaproject.org.s3.amazonaws.com/subjects/thumbnail/B15-F11_26_F475W.jpg,11.175249622727456,41.90849641727877
AAP0000054,B15-F11_26_F475W_sc,http://www.andromedaproject.org.s3.amazonaws.com/subjects/standard/B15-F11_26_F475W_sc.jpg,http://www.andromedaproject.org.s3.amazonaws.com/subjects/thumbnail/B15-F11_26_F475W_sc.jpg,11.175249622727456,41.90849641727877
AAP0000055,B15-F11_26_sc,http://www.andromedaproject.org.s3.amazonaws.com/subjects/standard/B15-F11_26_sc.jpg,http://www.andromedaproject.org.s3.amazonaws.com/subjects/thumbnail/B15-F11_26_sc.jpg,11.175249622727456,41.90849641727877
AAP0000056,B15-F11_27,http://www.andromedaproject.org.s3.amazonaws.com/subjects/standard/B15-F11_27.jpg,http://www.andromedaproject.org.s3.amazonaws.com/subjects/thumbnail/B15-F11_27.jpg,11.16372910895417,41.90985470261703
AAP0000057,B15-F11_27_F475W,http://www.andromedaproject.org.s3.amazonaws.com/subjects/standard/B15-F11_27_F475W.jpg,http://www.andromedaproject.org.s3.amazonaws.com/subjects/thumbnail/B15-F11_27_F475W.jpg,11.16372910895417,41.90985470261703
AAP0000058,B15-F11_27_F475W_sc,http://www.andromedaproject.org.s3.amazonaws.com/subjects/standard/B15-F11_27_F475W_sc.jpg,http://www.andromedaproject.org.s3.amazonaws.com/subjects/thumbnail/B15-F11_27_F475W_sc.jpg,11.16372910895417,41.90985470261703
AAP0000059,B15-F11_27_sc,http://www.andromedaproject.org.s3.amazonaws.com/subjects/standard/B15-F11_27_sc.jpg,http://www.andromedaproject.org.s3.amazonaws.com/subjects/thumbnail/B15-F11_27_sc.jpg,11.16372910895417,41.90985470261703
AAP000005a,B15-F11_28,http://www.andromedaproject.org.s3.amazonaws.com/subjects/standard/B15-F11_28.jpg,http://www.andromedaproject.org.s3.amazonaws.com/subjects/thumbnail/B15-F11_28.jpg,11.152208105375754,41.911211836386556
AAP000005b,B15-F11_28_F475W,http://www.andromedaproject.org.s3.amazonaws.com/subjects/standard/B15-F11_28_F475W.jpg,http://www.andromedaproject.org.s3.amazonaws.com/subjects/thumbnail/B15-F11_28_F475W.jpg,11.152208105375754,41.911211836386556
AAP000005c,B15-F11_28_F475W_sc,http://www.andromedaproject.org.s3.amazonaws.com/subjects/standard/B15-F11_28_F475W_sc.jpg,http://www.andromedaproject.org.s3.amazonaws.com/subjects/thumbnail/B15-F11_28_F475W_sc.jpg,11.152208105375754,41.911211836386556
AAP000005d,B15-F11_28_sc,http://www.andromedaproject.org.s3.amazonaws.com/subjects/standard/B15-F11_28_sc.jpg,http://www.andromedaproject.org.s3.amazonaws.com/subjects/thumbnail/B15-F11_28_sc.jpg,11.152208105375754,41.911211836386556
AAP000005e,B15-F11_2_F475W,http://www.andromedaproject.org.s3.amazonaws.com/subjects/standard/B15-F11_2_F475W.jpg,http://www.andromedaproject.org.s3.amazonaws.com/subjects/thumbnail/B15-F11_2_F475W.jpg,11.168241763064966,41.87557385625326
AAP000005f,B15-F11_2_F475W_sc,http://www.andromedaproject.org.s3.amazonaws.com/subjects/standard/B15-F11_2_F475W_sc.jpg,http://www.andromedaproject.org.s3.amazonaws.com/subjects/thumbnail/B15-F11_2_F475W_sc.jpg,11.168241763064966,41.87557385625326
AAP000005g,B15-F11_2_sc,http://www.andromedaproject.org.s3.amazonaws.com/subjects/standard/B15-F11_2_sc.jpg,http://www.andromedaproject.org.s3.amazonaws.com/subjects/thumbnail/B15-F11_2_sc.jpg,11.168241763064966,41.87557385625326
AAP000005h,B15-F11_3,http://www.andromedaproject.org.s3.amazonaws.com/subjects/standard/B15-F11_3.jpg,http://www.andromedaproject.org.s3.amazonaws.com/subjects/thumbnail/B15-F11_3.jpg,11.156727036997909,41.87693144165984
AAP000005i,B15-F11_3_F475W,http://www.andromedaproject.org.s3.amazonaws.com/subjects/standard/B15-F11_3_F475W.jpg,http://www.andromedaproject.org.s3.amazonaws.com/subjects/thumbnail/B15-F11_3_F475W.jpg,11.156727036997909,41.87693144165984
AAP000005j,B15-F11_3_F475W_sc,http://www.andromedaproject.org.s3.amazonaws.com/subjects/standard/B15-F11_3_F475W_sc.jpg,http://www.andromedaproject.org.s3.amazonaws.com/subjects/thumbnail/B15-F11_3_F475W_sc.jpg,11.156727036997909,41.87693144165984
AAP000005k,B15-F11_3_sc,http://www.andromedaproject.org.s3.amazonaws.com/subjects/standard/B15-F11_3_sc.jpg,http://www.andromedaproject.org.s3.amazonaws.com/subjects/thumbnail/B15-F11_3_sc.jpg,11.156727036997909,41.87693144165984
AAP000005l,B15-F11_4,http://www.andromedaproject.org.s3.amazonaws.com/subjects/standard/B15-F11_4.jpg,http://www.andromedaproject.org.s3.amazonaws.com/subjects/thumbnail/B15-F11_4.jpg,11.145211822189724,41.878287876798446
AAP000005m,B15-F11_4_F475W,http://www.andromedaproject.org.s3.amazonaws.com/subjects/standard/B15-F11_4_F475W.jpg,http://www.andromedaproject.org.s3.amazonaws.com/subjects/thumbnail/B15-F11_4_F475W.jpg,11.145211822189724,41.878287876798446
AAP000005n,B15-F11_4_F475W_sc,http://www.andromedaproject.org.s3.amazonaws.com/subjects/standard/B15-F11_4_F475W_sc.jpg,http://www.andromedaproject.org.s3.amazonaws.com/subjects/thumbnail/B15-F11_4_F475W_sc.jpg,11.145211822189724,41.878287876798446
AAP000005o,B15-F11_4_sc,http://www.andromedaproject.org.s3.amazonaws.com/subjects/standard/B15-F11_4_sc.jpg,http://www.andromedaproject.org.s3.amazonaws.com/subjects/thumbnail/B15-F11_4_sc.jpg,11.145211822189724,41.878287876798446
AAP000005p,B15-F11_5,http://www.andromedaproject.org.s3.amazonaws.com/subjects/standard/B15-F11_5.jpg,http://www.andromedaproject.org.s3.amazonaws.com/subjects/thumbnail/B15-F11_5.jpg,11.180924438580961,41.879702126833706
AAP000005q,B15-F11_5_F475W,http://www.andromedaproject.org.s3.amazonaws.com/subjects/standard/B15-F11_5_F475W.jpg,http://www.andromedaproject.org.s3.amazonaws.com/subjects/thumbnail/B15-F11_5_F475W.jpg,11.180924438580961,41.879702126833706
AAP000005r,B15-F11_5_F475W_sc,http://www.andromedaproject.org.s3.amazonaws.com/subjects/standard/B15-F11_5_F475W_sc.jpg,http://www.andromedaproject.org.s3.amazonaws.com/subjects/thumbnail/B15-F11_5_F475W_sc.jpg,11.180924438580961,41.879702126833706
AAP000005s,B15-F11_5_sc,http://www.andromedaproject.org.s3.amazonaws.com/subjects/standard/B15-F11_5_sc.jpg,http://www.andromedaproject.org.s3.amazonaws.com/subjects/thumbnail/B15-F11_5_sc.jpg,11.180924438580961,41.879702126833706
AAP000005t,B15-F11_6,http://www.andromedaproject.org.s3.amazonaws.com/subjects/standard/B15-F11_6.jpg,http://www.andromedaproject.org.s3.amazonaws.com/subjects/thumbnail/B15-F11_6.jpg,11.169409238093376,41.88106097916553
AAP000005u,B15-F11_6_F475W,http://www.andromedaproject.org.s3.amazonaws.com/subjects/standard/B15-F11_6_F475W.jpg,http://www.andromedaproject.org.s3.amazonaws.com/subjects/thumbnail/B15-F11_6_F475W.jpg,11.169409238093376,41.88106097916553
AAP000005v,B15-F11_6_F475W_sc,http://www.andromedaproject.org.s3.amazonaws.com/subjects/standard/B15-F11_6_F475W_sc.jpg,http://www.andromedaproject.org.s3.amazonaws.com/subjects/thumbnail/B15-F11_6_F475W_sc.jpg,11.169409238093376,41.88106097916553
AAP000005w,B15-F11_6_sc,http://www.andromedaproject.org.s3.amazonaws.com/subjects/standard/B15-F11_6_sc.jpg,http://www.andromedaproject.org.s3.amazonaws.com/subjects/thumbnail/B15-F11_6_sc.jpg,11.169409238093376,41.88106097916553
AAP000005x,B15-F11_7,http://www.andromedaproject.org.s3.amazonaws.com/subjects/standard/B15-F11_7.jpg,http://www.andromedaproject.org.s3.amazonaws.com/subjects/thumbnail/B15-F11_7.jpg,11.157893547788323,41.88241868117871
AAP000005y,B15-F11_7_F475W,http://www.andromedaproject.org.s3.amazonaws.com/subjects/standard/B15-F11_7_F475W.jpg,http://www.andromedaproject.org.s3.amazonaws.com/subjects/thumbnail/B15-F11_7_F475W.jpg,11.157893547788323,41.88241868117871
AAP000005z,B15-F11_7_F475W_sc,http://www.andromedaproject.org.s3.amazonaws.com/subjects/standard/B15-F11_7_F475W_sc.jpg,http://www.andromedaproject.org.s3.amazonaws.com/subjects/thumbnail/B15-F11_7_F475W_sc.jpg,11.157893547788323,41.88241868117871
AAP0000060,B15-F11_7_sc,http://www.andromedaproject.org.s3.amazonaws.com/subjects/standard/B15-F11_7_sc.jpg,http://www.andromedaproject.org.s3.amazonaws.com/subjects/thumbnail/B15-F11_7_sc.jpg,11.157893547788323,41.88241868117871
AAP0000061,B15-F11_8,http://www.andromedaproject.org.s3.amazonaws.com/subjects/standard/B15-F11_8.jpg,http://www.andromedaproject.org.s3.amazonaws.com/subjects/thumbnail/B15-F11_8.jpg,11.146377368564977,41.88377523270714
AAP0000062,B15-F11_8_F475W,http://www.andromedaproject.org.s3.amazonaws.com/subjects/standard/B15-F11_8_F475W.jpg,http://www.andromedaproject.org.s3.amazonaws.com/subjects/thumbnail/B15-F11_8_F475W.jpg,11.146377368564977,41.88377523270714
AAP0000063,B15-F11_8_F475W_sc,http://www.andromedaproject.org.s3.amazonaws.com/subjects/standard/B15-F11_8_F475W_sc.jpg,http://www.andromedaproject.org.s3.amazonaws.com/subjects/thumbnail/B15-F11_8_F475W_sc.jpg,11.146377368564977,41.88377523270714
AAP0000064,B15-F11_8_sc,http://www.andromedaproject.org.s3.amazonaws.com/subjects/standard/B15-F11_8_sc.jpg,http://www.andromedaproject.org.s3.amazonaws.com/subjects/thumbnail/B15-F11_8_sc.jpg,11.146377368564977,41.88377523270714
AAP0000065,B15-F11_9,http://www.andromedaproject.org.s3.amazonaws.com/subjects/standard/B15-F11_9.jpg,http://www.andromedaproject.org.s3.amazonaws.com/subjects/thumbnail/B15-F11_9.jpg,11.182093078386922,41.88518912128329
AAP0000066,B15-F11_9_F475W,http://www.andromedaproject.org.s3.amazonaws.com/subjects/standard/B15-F11_9_F475W.jpg,http://www.andromedaproject.org.s3.amazonaws.com/subjects/thumbnail/B15-F11_9_F475W.jpg,11.182093078386922,41.88518912128329
AAP0000067,B15-F11_9_F475W_sc,http://www.andromedaproject.org.s3.amazonaws.com/subjects/standard/B15-F11_9_F475W_sc.jpg,http://www.andromedaproject.org.s3.amazonaws.com/subjects/thumbnail/B15-F11_9_F475W_sc.jpg,11.182093078386922,41.88518912128329
AAP0000068,B15-F11_9_sc,http://www.andromedaproject.org.s3.amazonaws.com/subjects/standard/B15-F11_9_sc.jpg,http://www.andromedaproject.org.s3.amazonaws.com/subjects/thumbnail/B15-F11_9_sc.jpg,11.182093078386922,41.88518912128329
AAP0000069,B21-F14_1,http://www.andromedaproject.org.s3.amazonaws.com/subjects/standard/B21-F14_1.jpg,http://www.andromedaproject.org.s3.amazonaws.com/subjects/thumbnail/B21-F14_1.jpg,11.613609886827902,42.12301511354601
AAP000006a,B21-F14_10,http://www.andromedaproject.org.s3.amazonaws.com/subjects/standard/B21-F14_10.jpg,http://www.andromedaproject.org.s3.amazonaws.com/subjects/thumbnail/B21-F14_10.jpg,11.60439485092816,42.135348089660994
AAP000006b,B21-F14_10_F475W,http://www.andromedaproject.org.s3.amazonaws.com/subjects/standard/B21-F14_10_F475W.jpg,http://www.andromedaproject.org.s3.amazonaws.com/subjects/thumbnail/B21-F14_10_F475W.jpg,11.60439485092816,42.135348089660994
AAP000006c,B21-F14_10_F475W_sc,http://www.andromedaproject.org.s3.amazonaws.com/subjects/standard/B21-F14_10_F475W_sc.jpg,http://www.andromedaproject.org.s3.amazonaws.com/subjects/thumbnail/B21-F14_10_F475W_sc.jpg,11.60439485092816,42.135348089660994
AAP000006d,B21-F14_10_sc,http://www.andromedaproject.org.s3.amazonaws.com/subjects/standard/B21-F14_10_sc.jpg,http://www.andromedaproject.org.s3.amazonaws.com/subjects/thumbnail/B21-F14_10_sc.jpg,11.60439485092816,42.135348089660994
AAP000006e,B21-F14_11,http://www.andromedaproject.org.s3.amazonaws.com/subjects/standard/B21-F14_11.jpg,http://www.andromedaproject.org.s3.amazonaws.com/subjects/thumbnail/B21-F14_11.jpg,11.592833060368552,42.13670590726502
AAP000006f,B21-F14_11_F475W,http://www.andromedaproject.org.s3.amazonaws.com/subjects/standard/B21-F14_11_F475W.jpg,http://www.andromedaproject.org.s3.amazonaws.com/subjects/thumbnail/B21-F14_11_F475W.jpg,11.592833060368552,42.13670590726502
AAP000006g,B21-F14_11_F475W_sc,http://www.andromedaproject.org.s3.amazonaws.com/subjects/standard/B21-F14_11_F475W_sc.jpg,http://www.andromedaproject.org.s3.amazonaws.com/subjects/thumbnail/B21-F14_11_F475W_sc.jpg,11.592833060368552,42.13670590726502
AAP000006h,B21-F14_11_sc,http://www.andromedaproject.org.s3.amazonaws.com/subjects/standard/B21-F14_11_sc.jpg,http://www.andromedaproject.org.s3.amazonaws.com/subjects/thumbnail/B21-F14_11_sc.jpg,11.592833060368552,42.13670590726502
AAP000006i,B21-F14_12,http://www.andromedaproject.org.s3.amazonaws.com/subjects/standard/B21-F14_12.jpg,http://www.andromedaproject.org.s3.amazonaws.com/subjects/thumbnail/B21-F14_12.jpg,11.581270774489946,42.13806256407534
AAP000006j,B21-F14_12_F475W,http://www.andromedaproject.org.s3.amazonaws.com/subjects/standard/B21-F14_12_F475W.jpg,http://www.andromedaproject.org.s3.amazonaws.com/subjects/thumbnail/B21-F14_12_F475W.jpg,11.581270774489946,42.13806256407534
AAP000006k,B21-F14_12_F475W_sc,http://www.andromedaproject.org.s3.amazonaws.com/subjects/standard/B21-F14_12_F475W_sc.jpg,http://www.andromedaproject.org.s3.amazonaws.com/subjects/thumbnail/B21-F14_12_F475W_sc.jpg,11.581270774489946,42.13806256407534
AAP000006l,B21-F14_12_sc,http://www.andromedaproject.org.s3.amazonaws.com/subjects/standard/B21-F14_12_sc.jpg,http://www.andromedaproject.org.s3.amazonaws.com/subjects/thumbnail/B21-F14_12_sc.jpg,11.581270774489946,42.13806256407534
AAP000006m,B21-F14_13,http://www.andromedaproject.org.s3.amazonaws.com/subjects/standard/B21-F14_13.jpg,http://www.andromedaproject.org.s3.amazonaws.com/subjects/thumbnail/B21-F14_13.jpg,11.617129579434854,42.139476092650256
AAP000006n,B21-F14_13_F475W,http://www.andromedaproject.org.s3.amazonaws.com/subjects/standard/B21-F14_13_F475W.jpg,http://www.andromedaproject.org.s3.amazonaws.com/subjects/thumbnail/B21-F14_13_F475W.jpg,11.617129579434854,42.139476092650256
AAP000006o,B21-F14_13_F475W_sc,http://www.andromedaproject.org.s3.amazonaws.com/subjects/standard/B21-F14_13_F475W_sc.jpg,http://www.andromedaproject.org.s3.amazonaws.com/subjects/thumbnail/B21-F14_13_F475W_sc.jpg,11.617129579434854,42.139476092650256
AAP000006p,B21-F14_13_sc,http://www.andromedaproject.org.s3.amazonaws.com/subjects/standard/B21-F14_13_sc.jpg,http://www.andromedaproject.org.s3.amazonaws.com/subjects/thumbnail/B21-F14_13_sc.jpg,11.617129579434854,42.139476092650256
AAP000006q,B21-F14_14,http://www.andromedaproject.org.s3.amazonaws.com/subjects/standard/B21-F14_14.jpg,http://www.andromedaproject.org.s3.amazonaws.com/subjects/thumbnail/B21-F14_14.jpg,11.605567308469936,42.14083518876742
AAP000006r,B21-F14_14_F475W,http://www.andromedaproject.org.s3.amazonaws.com/subjects/standard/B21-F14_14_F475W.jpg,http://www.andromedaproject.org.s3.amazonaws.com/subjects/thumbnail/B21-F14_14_F475W.jpg,11.605567308469936,42.14083518876742
AAP000006s,B21-F14_14_F475W_sc,http://www.andromedaproject.org.s3.amazonaws.com/subjects/standard/B21-F14_14_F475W_sc.jpg,http://www.andromedaproject.org.s3.amazonaws.com/subjects/thumbnail/B21-F14_14_F475W_sc.jpg,11.605567308469936,42.14083518876742
AAP000006t,B21-F14_14_sc,http://www.andromedaproject.org.s3.amazonaws.com/subjects/standard/B21-F14_14_sc.jpg,http://www.andromedaproject.org.s3.amazonaws.com/subjects/thumbnail/B21-F14_14_sc.jpg,11.605567308469936,42.14083518876742
AAP000006u,B21-F14_15,http://www.andromedaproject.org.s3.amazonaws.com/subjects/standard/B21-F14_15.jpg,http://www.andromedaproject.org.s3.amazonaws.com/subjects/thumbnail/B21-F14_15.jpg,11.594004541095938,42.1421931240399
AAP000006v,B21-F14_15_F475W,http://www.andromedaproject.org.s3.amazonaws.com/subjects/standard/B21-F14_15_F475W.jpg,http://www.andromedaproject.org.s3.amazonaws.com/subjects/thumbnail/B21-F14_15_F475W.jpg,11.594004541095938,42.1421931240399
AAP000006w,B21-F14_15_F475W_sc,http://www.andromedaproject.org.s3.amazonaws.com/subjects/standard/B21-F14_15_F475W_sc.jpg,http://www.andromedaproject.org.s3.amazonaws.com/subjects/thumbnail/B21-F14_15_F475W_sc.jpg,11.594004541095938,42.1421931240399
AAP000006x,B21-F14_15_sc,http://www.andromedaproject.org.s3.amazonaws.com/subjects/standard/B21-F14_15_sc.jpg,http://www.andromedaproject.org.s3.amazonaws.com/subjects/thumbnail/B21-F14_15_sc.jpg,11.594004541095938,42.1421931240399
AAP000006y,B21-F14_16,http://www.andromedaproject.org.s3.amazonaws.com/subjects/standard/B21-F14_16.jpg,http://www.andromedaproject.org.s3.amazonaws.com/subjects/thumbnail/B21-F14_16.jpg,11.582441278222706,42.14354989830024
AAP000006z,B21-F14_16_F475W,http://www.andromedaproject.org.s3.amazonaws.com/subjects/standard/B21-F14_16_F475W.jpg,http://www.andromedaproject.org.s3.amazonaws.com/subjects/thumbnail/B21-F14_16_F475W.jpg,11.582441278222706,42.14354989830024
AAP0000070,B21-F14_16_F475W_sc,http://www.andromedaproject.org.s3.amazonaws.com/subjects/standard/B21-F14_16_F475W_sc.jpg,http://www.andromedaproject.org.s3.amazonaws.com/subjects/thumbnail/B21-F14_16_F475W_sc.jpg,11.582441278222706,42.14354989830024
AAP0000071,B21-F14_16_sc,http://www.andromedaproject.org.s3.amazonaws.com/subjects/standard/B21-F14_16_sc.jpg,http://www.andromedaproject.org.s3.amazonaws.com/subjects/thumbnail/B21-F14_16_sc.jpg,11.582441278222706,42.14354989830024
AAP0000072,B21-F14_17,http://www.andromedaproject.org.s3.amazonaws.com/subjects/standard/B21-F14_17.jpg,http://www.andromedaproject.org.s3.amazonaws.com/subjects/thumbnail/B21-F14_17.jpg,11.618303216986579,42.14496306191121
AAP0000073,B21-F14_17_F475W,http://www.andromedaproject.org.s3.amazonaws.com/subjects/standard/B21-F14_17_F475W.jpg,http://www.andromedaproject.org.s3.amazonaws.com/subjects/thumbnail/B21-F14_17_F475W.jpg,11.618303216986579,42.14496306191121
AAP0000074,B21-F14_17_F475W_sc,http://www.andromedaproject.org.s3.amazonaws.com/subjects/standard/B21-F14_17_F475W_sc.jpg,http://www.andromedaproject.org.s3.amazonaws.com/subjects/thumbnail/B21-F14_17_F475W_sc.jpg,11.618303216986579,42.14496306191121
AAP0000075,B21-F14_17_sc,http://www.andromedaproject.org.s3.amazonaws.com/subjects/standard/B21-F14_17_sc.jpg,http://www.andromedaproject.org.s3.amazonaws.com/subjects/thumbnail/B21-F14_17_sc.jpg,11.618303216986579,42.14496306191121
AAP0000076,B21-F14_18,http://www.andromedaproject.org.s3.amazonaws.com/subjects/standard/B21-F14_18.jpg,http://www.andromedaproject.org.s3.amazonaws.com/subjects/thumbnail/B21-F14_18.jpg,11.60673996923248,42.146322275935084
AAP0000077,B21-F14_18_F475W,http://www.andromedaproject.org.s3.amazonaws.com/subjects/standard/B21-F14_18_F475W.jpg,http://www.andromedaproject.org.s3.amazonaws.com/subjects/thumbnail/B21-F14_18_F475W.jpg,11.60673996923248,42.146322275935084
AAP0000078,B21-F14_18_F475W_sc,http://www.andromedaproject.org.s3.amazonaws.com/subjects/standard/B21-F14_18_F475W_sc.jpg,http://www.andromedaproject.org.s3.amazonaws.com/subjects/thumbnail/B21-F14_18_F475W_sc.jpg,11.60673996923248,42.146322275935084
AAP0000079,B21-F14_18_sc,http://www.andromedaproject.org.s3.amazonaws.com/subjects/standard/B21-F14_18_sc.jpg,http://www.andromedaproject.org.s3.amazonaws.com/subjects/thumbnail/B21-F14_18_sc.jpg,11.60673996923248,42.146322275935084
AAP000007a,B21-F14_19,http://www.andromedaproject.org.s3.amazonaws.com/subjects/standard/B21-F14_19.jpg,http://www.andromedaproject.org.s3.amazonaws.com/subjects/thumbnail/B21-F14_19.jpg,11.595176224888766,42.147680328895845
AAP000007b,B21-F14_19_F475W,http://www.andromedaproject.org.s3.amazonaws.com/subjects/standard/B21-F14_19_F475W.jpg,http://www.andromedaproject.org.s3.amazonaws.com/subjects/thumbnail/B21-F14_19_F475W.jpg,11.595176224888766,42.147680328895845
AAP000007c,B21-F14_19_F475W_sc,http://www.andromedaproject.org.s3.amazonaws.com/subjects/standard/B21-F14_19_F475W_sc.jpg,http://www.andromedaproject.org.s3.amazonaws.com/subjects/thumbnail/B21-F14_19_F475W_sc.jpg,11.595176224888766,42.147680328895845
AAP000007d,B21-F14_19_sc,http://www.andromedaproject.org.s3.amazonaws.com/subjects/standard/B21-F14_19_sc.jpg,http://www.andromedaproject.org.s3.amazonaws.com/subjects/thumbnail/B21-F14_19_sc.jpg,11.595176224888766,42.147680328895845
AAP000007e,B21-F14_1_F475W,http://www.andromedaproject.org.s3.amazonaws.com/subjects/standard/B21-F14_1_F475W.jpg,http://www.andromedaproject.org.s3.amazonaws.com/subjects/thumbnail/B21-F14_1_F475W.jpg,11.613609886827902,42.12301511354601
AAP000007f,B21-F14_1_F475W_sc,http://www.andromedaproject.org.s3.amazonaws.com/subjects/standard/B21-F14_1_F475W_sc.jpg,http://www.andromedaproject.org.s3.amazonaws.com/subjects/thumbnail/B21-F14_1_F475W_sc.jpg,11.613609886827902,42.12301511354601
AAP000007g,B21-F14_1_sc,http://www.andromedaproject.org.s3.amazonaws.com/subjects/standard/B21-F14_1_sc.jpg,http://www.andromedaproject.org.s3.amazonaws.com/subjects/thumbnail/B21-F14_1_sc.jpg,11.613609886827902,42.12301511354601
AAP000007h,B21-F14_2,http://www.andromedaproject.org.s3.amazonaws.com/subjects/standard/B21-F14_2.jpg,http://www.andromedaproject.org.s3.amazonaws.com/subjects/thumbnail/B21-F14_2.jpg,11.602050545299454,42.12437385606209
AAP000007i,B21-F14_20,http://www.andromedaproject.org.s3.amazonaws.com/subjects/standard/B21-F14_20.jpg,http://www.andromedaproject.org.s3.amazonaws.com/subjects/thumbnail/B21-F14_20.jpg,11.5836119848656,42.14903722062603
AAP000007j,B21-F14_20_F475W,http://www.andromedaproject.org.s3.amazonaws.com/subjects/standard/B21-F14_20_F475W.jpg,http://www.andromedaproject.org.s3.amazonaws.com/subjects/thumbnail/B21-F14_20_F475W.jpg,11.5836119848656,42.14903722062603
AAP000007k,B21-F14_20_F475W_sc,http://www.andromedaproject.org.s3.amazonaws.com/subjects/standard/B21-F14_20_F475W_sc.jpg,http://www.andromedaproject.org.s3.amazonaws.com/subjects/thumbnail/B21-F14_20_F475W_sc.jpg,11.5836119848656,42.14903722062603
AAP000007l,B21-F14_20_sc,http://www.andromedaproject.org.s3.amazonaws.com/subjects/standard/B21-F14_20_sc.jpg,http://www.andromedaproject.org.s3.amazonaws.com/subjects/thumbnail/B21-F14_20_sc.jpg,11.5836119848656,42.14903722062603
AAP000007m,B21-F14_21,http://www.andromedaproject.org.s3.amazonaws.com/subjects/standard/B21-F14_21.jpg,http://www.andromedaproject.org.s3.amazonaws.com/subjects/thumbnail/B21-F14_21.jpg,11.619477057966154,42.15045001910604
AAP000007n,B21-F14_21_F475W,http://www.andromedaproject.org.s3.amazonaws.com/subjects/standard/B21-F14_21_F475W.jpg,http://www.andromedaproject.org.s3.amazonaws.com/subjects/thumbnail/B21-F14_21_F475W.jpg,11.619477057966154,42.15045001910604
AAP000007o,B21-F14_21_F475W_sc,http://www.andromedaproject.org.s3.amazonaws.com/subjects/standard/B21-F14_21_F475W_sc.jpg,http://www.andromedaproject.org.s3.amazonaws.com/subjects/thumbnail/B21-F14_21_F475W_sc.jpg,11.619477057966154,42.15045001910604
AAP000007p,B21-F14_21_sc,http://www.andromedaproject.org.s3.amazonaws.com/subjects/standard/B21-F14_21_sc.jpg,http://www.andromedaproject.org.s3.amazonaws.com/subjects/thumbnail/B21-F14_21_sc.jpg,11.619477057966154,42.15045001910604
AAP000007q,B21-F14_22,http://www.andromedaproject.org.s3.amazonaws.com/subjects/standard/B21-F14_22.jpg,http://www.andromedaproject.org.s3.amazonaws.com/subjects/thumbnail/B21-F14_22.jpg,11.607912833267601,42.15180935105646
AAP000007r,B21-F14_22_F475W,http://www.andromedaproject.org.s3.amazonaws.com/subjects/standard/B21-F14_22_F475W.jpg,http://www.andromedaproject.org.s3.amazonaws.com/subjects/thumbnail/B21-F14_22_F475W.jpg,11.607912833267601,42.15180935105646
AAP000007s,B21-F14_22_F475W_sc,http://www.andromedaproject.org.s3.amazonaws.com/subjects/standard/B21-F14_22_F475W_sc.jpg,http://www.andromedaproject.org.s3.amazonaws.com/subjects/thumbnail/B21-F14_22_F475W_sc.jpg,11.607912833267601,42.15180935105646
AAP000007t,B21-F14_22_sc,http://www.andromedaproject.org.s3.amazonaws.com/subjects/standard/B21-F14_22_sc.jpg,http://www.andromedaproject.org.s3.amazonaws.com/subjects/thumbnail/B21-F14_22_sc.jpg,11.607912833267601,42.15180935105646
AAP000007u,B21-F14_23,http://www.andromedaproject.org.s3.amazonaws.com/subjects/standard/B21-F14_23.jpg,http://www.andromedaproject.org.s3.amazonaws.com/subjects/thumbnail/B21-F14_23.jpg,11.596348111798891,42.15316752172535
AAP000007v,B21-F14_23_F475W,http://www.andromedaproject.org.s3.amazonaws.com/subjects/standard/B21-F14_23_F475W.jpg,http://www.andromedaproject.org.s3.amazonaws.com/subjects/thumbnail/B21-F14_23_F475W.jpg,11.596348111798891,42.15316752172535
AAP000007w,B21-F14_23_F475W_sc,http://www.andromedaproject.org.s3.amazonaws.com/subjects/standard/B21-F14_23_F475W_sc.jpg,http://www.andromedaproject.org.s3.amazonaws.com/subjects/thumbnail/B21-F14_23_F475W_sc.jpg,11.596348111798891,42.15316752172535
AAP000007x,B21-F14_23_sc,http://www.andromedaproject.org.s3.amazonaws.com/subjects/standard/B21-F14_23_sc.jpg,http://www.andromedaproject.org.s3.amazonaws.com/subjects/thumbnail/B21-F14_23_sc.jpg,11.596348111798891,42.15316752172535
AAP000007y,B21-F14_24,http://www.andromedaproject.org.s3.amazonaws.com/subjects/standard/B21-F14_24.jpg,http://www.andromedaproject.org.s3.amazonaws.com/subjects/thumbnail/B21-F14_24.jpg,11.584782894470353,42.1545245309452
AAP000007z,B21-F14_24_F475W,http://www.andromedaproject.org.s3.amazonaws.com/subjects/standard/B21-F14_24_F475W.jpg,http://www.andromedaproject.org.s3.amazonaws.com/subjects/thumbnail/B21-F14_24_F475W.jpg,11.584782894470353,42.1545245309452
AAP0000080,B21-F14_24_F475W_sc,http://www.andromedaproject.org.s3.amazonaws.com/subjects/standard/B21-F14_24_F475W_sc.jpg,http://www.andromedaproject.org.s3.amazonaws.com/subjects/thumbnail/B21-F14_24_F475W_sc.jpg,11.584782894470353,42.1545245309452
AAP0000081,B21-F14_24_sc,http://www.andromedaproject.org.s3.amazonaws.com/subjects/standard/B21-F14_24_sc.jpg,http://www.andromedaproject.org.s3.amazonaws.com/subjects/thumbnail/B21-F14_24_sc.jpg,11.584782894470353,42.1545245309452
AAP0000082,B21-F14_25,http://www.andromedaproject.org.s3.amazonaws.com/subjects/standard/B21-F14_25.jpg,http://www.andromedaproject.org.s3.amazonaws.com/subjects/thumbnail/B21-F14_25.jpg,11.620651102425464,42.15593696412718
AAP0000083,B21-F14_25_F475W,http://www.andromedaproject.org.s3.amazonaws.com/subjects/standard/B21-F14_25_F475W.jpg,http://www.andromedaproject.org.s3.amazonaws.com/subjects/thumbnail/B21-F14_25_F475W.jpg,11.620651102425464,42.15593696412718
AAP0000084,B21-F14_25_F475W_sc,http://www.andromedaproject.org.s3.amazonaws.com/subjects/standard/B21-F14_25_F475W_sc.jpg,http://www.andromedaproject.org.s3.amazonaws.com/subjects/thumbnail/B21-F14_25_F475W_sc.jpg,11.620651102425464,42.15593696412718
AAP0000085,B21-F14_25_sc,http://www.andromedaproject.org.s3.amazonaws.com/subjects/standard/B21-F14_25_sc.jpg,http://www.andromedaproject.org.s3.amazonaws.com/subjects/thumbnail/B21-F14_25_sc.jpg,11.620651102425464,42.15593696412718
AAP0000086,B21-F14_26,http://www.andromedaproject.org.s3.amazonaws.com/subjects/standard/B21-F14_26.jpg,http://www.andromedaproject.org.s3.amazonaws.com/subjects/thumbnail/B21-F14_26.jpg,11.609085900627202,42.157296414023996
AAP0000087,B21-F14_26_F475W,http://www.andromedaproject.org.s3.amazonaws.com/subjects/standard/B21-F14_26_F475W.jpg,http://www.andromedaproject.org.s3.amazonaws.com/subjects/thumbnail/B21-F14_26_F475W.jpg,11.609085900627202,42.157296414023996
AAP0000088,B21-F14_26_F475W_sc,http://www.andromedaproject.org.s3.amazonaws.com/subjects/standard/B21-F14_26_F475W_sc.jpg,http://www.andromedaproject.org.s3.amazonaws.com/subjects/thumbnail/B21-F14_26_F475W_sc.jpg,11.609085900627202,42.157296414023996
AAP0000089,B21-F14_26_sc,http://www.andromedaproject.org.s3.amazonaws.com/subjects/standard/B21-F14_26_sc.jpg,http://www.andromedaproject.org.s3.amazonaws.com/subjects/thumbnail/B21-F14_26_sc.jpg,11.609085900627202,42.157296414023996
AAP000008a,B21-F14_27,http://www.andromedaproject.org.s3.amazonaws.com/subjects/standard/B21-F14_27.jpg,http://www.andromedaproject.org.s3.amazonaws.com/subjects/thumbnail/B21-F14_27.jpg,11.597520201878135,42.15865470242086
AAP000008b,B21-F14_27_F475W,http://www.andromedaproject.org.s3.amazonaws.com/subjects/standard/B21-F14_27_F475W.jpg,http://www.andromedaproject.org.s3.amazonaws.com/subjects/thumbnail/B21-F14_27_F475W.jpg,11.597520201878135,42.15865470242086
AAP000008c,B21-F14_27_F475W_sc,http://www.andromedaproject.org.s3.amazonaws.com/subjects/standard/B21-F14_27_F475W_sc.jpg,http://www.andromedaproject.org.s3.amazonaws.com/subjects/thumbnail/B21-F14_27_F475W_sc.jpg,11.597520201878135,42.15865470242086
AAP000008d,B21-F14_27_sc,http://www.andromedaproject.org.s3.amazonaws.com/subjects/standard/B21-F14_27_sc.jpg,http://www.andromedaproject.org.s3.amazonaws.com/subjects/thumbnail/B21-F14_27_sc.jpg,11.597520201878135,42.15865470242086
AAP000008e,B21-F14_28,http://www.andromedaproject.org.s3.amazonaws.com/subjects/standard/B21-F14_28.jpg,http://www.andromedaproject.org.s3.amazonaws.com/subjects/thumbnail/B21-F14_28.jpg,11.585954007088835,42.160011829150186
AAP000008f,B21-F14_28_F475W,http://www.andromedaproject.org.s3.amazonaws.com/subjects/standard/B21-F14_28_F475W.jpg,http://www.andromedaproject.org.s3.amazonaws.com/subjects/thumbnail/B21-F14_28_F475W.jpg,11.585954007088835,42.160011829150186
AAP000008g,B21-F14_28_F475W_sc,http://www.andromedaproject.org.s3.amazonaws.com/subjects/standard/B21-F14_28_F475W_sc.jpg,http://www.andromedaproject.org.s3.amazonaws.com/subjects/thumbnail/B21-F14_28_F475W_sc.jpg,11.585954007088835,42.160011829150186
AAP000008h,B21-F14_28_sc,http://www.andromedaproject.org.s3.amazonaws.com/subjects/standard/B21-F14_28_sc.jpg,http://www.andromedaproject.org.s3.amazonaws.com/subjects/thumbnail/B21-F14_28_sc.jpg,11.585954007088835,42.160011829150186
AAP000008i,B21-F14_2_F475W,http://www.andromedaproject.org.s3.amazonaws.com/subjects/standard/B21-F14_2_F475W.jpg,http://www.andromedaproject.org.s3.amazonaws.com/subjects/thumbnail/B21-F14_2_F475W.jpg,11.602050545299454,42.12437385606209
AAP000008j,B21-F14_2_F475W_sc,http://www.andromedaproject.org.s3.amazonaws.com/subjects/standard/B21-F14_2_F475W_sc.jpg,http://www.andromedaproject.org.s3.amazonaws.com/subjects/thumbnail/B21-F14_2_F475W_sc.jpg,11.602050545299454,42.12437385606209
AAP000008k,B21-F14_2_sc,http://www.andromedaproject.org.s3.amazonaws.com/subjects/standard/B21-F14_2_sc.jpg,http://www.andromedaproject.org.s3.amazonaws.com/subjects/thumbnail/B21-F14_2_sc.jpg,11.602050545299454,42.12437385606209
AAP000008l,B21-F14_3,http://www.andromedaproject.org.s3.amazonaws.com/subjects/standard/B21-F14_3.jpg,http://www.andromedaproject.org.s3.amazonaws.com/subjects/thumbnail/B21-F14_3.jpg,11.59049070790295,42.12573143838864
AAP000008m,B21-F14_3_F475W,http://www.andromedaproject.org.s3.amazonaws.com/subjects/standard/B21-F14_3_F475W.jpg,http://www.andromedaproject.org.s3.amazonaws.com/subjects/thumbnail/B21-F14_3_F475W.jpg,11.59049070790295,42.12573143838864
AAP000008n,B21-F14_3_F475W_sc,http://www.andromedaproject.org.s3.amazonaws.com/subjects/standard/B21-F14_3_F475W_sc.jpg,http://www.andromedaproject.org.s3.amazonaws.com/subjects/thumbnail/B21-F14_3_F475W_sc.jpg,11.59049070790295,42.12573143838864
AAP000008o,B21-F14_3_sc,http://www.andromedaproject.org.s3.amazonaws.com/subjects/standard/B21-F14_3_sc.jpg,http://www.andromedaproject.org.s3.amazonaws.com/subjects/thumbnail/B21-F14_3_sc.jpg,11.59049070790295,42.12573143838864
AAP000008p,B21-F14_4,http://www.andromedaproject.org.s3.amazonaws.com/subjects/standard/B21-F14_4.jpg,http://www.andromedaproject.org.s3.amazonaws.com/subjects/thumbnail/B21-F14_4.jpg,11.578930375547657,42.127087860358344
AAP000008q,B21-F14_4_F475W,http://www.andromedaproject.org.s3.amazonaws.com/subjects/standard/B21-F14_4_F475W.jpg,http://www.andromedaproject.org.s3.amazonaws.com/subjects/thumbnail/B21-F14_4_F475W.jpg,11.578930375547657,42.127087860358344
AAP000008r,B21-F14_4_F475W_sc,http://www.andromedaproject.org.s3.amazonaws.com/subjects/standard/B21-F14_4_F475W_sc.jpg,http://www.andromedaproject.org.s3.amazonaws.com/subjects/thumbnail/B21-F14_4_F475W_sc.jpg,11.578930375547657,42.127087860358344
AAP000008s,B21-F14_4_sc,http://www.andromedaproject.org.s3.amazonaws.com/subjects/standard/B21-F14_4_sc.jpg,http://www.andromedaproject.org.s3.amazonaws.com/subjects/thumbnail/B21-F14_4_sc.jpg,11.578930375547657,42.127087860358344
AAP000008t,B21-F14_5,http://www.andromedaproject.org.s3.amazonaws.com/subjects/standard/B21-F14_5.jpg,http://www.andromedaproject.org.s3.amazonaws.com/subjects/thumbnail/B21-F14_5.jpg,11.614782914407378,42.128502118360096
AAP000008u,B21-F14_5_F475W,http://www.andromedaproject.org.s3.amazonaws.com/subjects/standard/B21-F14_5_F475W.jpg,http://www.andromedaproject.org.s3.amazonaws.com/subjects/thumbnail/B21-F14_5_F475W.jpg,11.614782914407378,42.128502118360096
AAP000008v,B21-F14_5_F475W_sc,http://www.andromedaproject.org.s3.amazonaws.com/subjects/standard/B21-F14_5_F475W_sc.jpg,http://www.andromedaproject.org.s3.amazonaws.com/subjects/thumbnail/B21-F14_5_F475W_sc.jpg,11.614782914407378,42.128502118360096
AAP000008w,B21-F14_5_sc,http://www.andromedaproject.org.s3.amazonaws.com/subjects/standard/B21-F14_5_sc.jpg,http://www.andromedaproject.org.s3.amazonaws.com/subjects/thumbnail/B21-F14_5_sc.jpg,11.614782914407378,42.128502118360096
AAP000008x,B21-F14_6,http://www.andromedaproject.org.s3.amazonaws.com/subjects/standard/B21-F14_6.jpg,http://www.andromedaproject.org.s3.amazonaws.com/subjects/thumbnail/B21-F14_6.jpg,11.603222596555266,42.12986097872338
AAP000008y,B21-F14_6_F475W,http://www.andromedaproject.org.s3.amazonaws.com/subjects/standard/B21-F14_6_F475W.jpg,http://www.andromedaproject.org.s3.amazonaws.com/subjects/thumbnail/B21-F14_6_F475W.jpg,11.603222596555266,42.12986097872338
AAP000008z,B21-F14_6_F475W_sc,http://www.andromedaproject.org.s3.amazonaws.com/subjects/standard/B21-F14_6_F475W_sc.jpg,http://www.andromedaproject.org.s3.amazonaws.com/subjects/thumbnail/B21-F14_6_F475W_sc.jpg,11.603222596555266,42.12986097872338
AAP0000090,B21-F14_6_sc,http://www.andromedaproject.org.s3.amazonaws.com/subjects/standard/B21-F14_6_sc.jpg,http://www.andromedaproject.org.s3.amazonaws.com/subjects/thumbnail/B21-F14_6_sc.jpg,11.603222596555266,42.12986097872338
AAP0000091,B21-F14_7,http://www.andromedaproject.org.s3.amazonaws.com/subjects/standard/B21-F14_7.jpg,http://www.andromedaproject.org.s3.amazonaws.com/subjects/thumbnail/B21-F14_7.jpg,11.59166178265482,42.13121867867875
AAP0000092,B21-F14_7_F475W,http://www.andromedaproject.org.s3.amazonaws.com/subjects/standard/B21-F14_7_F475W.jpg,http://www.andromedaproject.org.s3.amazonaws.com/subjects/thumbnail/B21-F14_7_F475W.jpg,11.59166178265482,42.13121867867875
AAP0000093,B21-F14_7_F475W_sc,http://www.andromedaproject.org.s3.amazonaws.com/subjects/standard/B21-F14_7_F475W_sc.jpg,http://www.andromedaproject.org.s3.amazonaws.com/subjects/thumbnail/B21-F14_7_F475W_sc.jpg,11.59166178265482,42.13121867867875
AAP0000094,B21-F14_7_sc,http://www.andromedaproject.org.s3.amazonaws.com/subjects/standard/B21-F14_7_sc.jpg,http://www.andromedaproject.org.s3.amazonaws.com/subjects/thumbnail/B21-F14_7_sc.jpg,11.59166178265482,42.13121867867875
AAP0000095,B21-F14_8,http://www.andromedaproject.org.s3.amazonaws.com/subjects/standard/B21-F14_8.jpg,http://www.andromedaproject.org.s3.amazonaws.com/subjects/thumbnail/B21-F14_8.jpg,11.580100473615513,42.13257521805887
AAP0000096,B21-F14_8_F475W,http://www.andromedaproject.org.s3.amazonaws.com/subjects/standard/B21-F14_8_F475W.jpg,http://www.andromedaproject.org.s3.amazonaws.com/subjects/thumbnail/B21-F14_8_F475W.jpg,11.580100473615513,42.13257521805887
AAP0000097,B21-F14_8_F475W_sc,http://www.andromedaproject.org.s3.amazonaws.com/subjects/standard/B21-F14_8_F475W_sc.jpg,http://www.andromedaproject.org.s3.amazonaws.com/subjects/thumbnail/B21-F14_8_F475W_sc.jpg,11.580100473615513,42.13257521805887
AAP0000098,B21-F14_8_sc,http://www.andromedaproject.org.s3.amazonaws.com/subjects/standard/B21-F14_8_sc.jpg,http://www.andromedaproject.org.s3.amazonaws.com/subjects/thumbnail/B21-F14_8_sc.jpg,11.580100473615513,42.13257521805887
AAP0000099,B21-F14_9,http://www.andromedaproject.org.s3.amazonaws.com/subjects/standard/B21-F14_9.jpg,http://www.andromedaproject.org.s3.amazonaws.com/subjects/thumbnail/B21-F14_9.jpg,11.615956145259076,42.1339891114307
AAP000009a,B21-F14_9_F475W,http://www.andromedaproject.org.s3.amazonaws.com/subjects/standard/B21-F14_9_F475W.jpg,http://www.andromedaproject.org.s3.amazonaws.com/subjects/thumbnail/B21-F14_9_F475W.jpg,11.615956145259076,42.1339891114307
AAP000009b,B21-F14_9_F475W_sc,http://www.andromedaproject.org.s3.amazonaws.com/subjects/standard/B21-F14_9_F475W_sc.jpg,http://www.andromedaproject.org.s3.amazonaws.com/subjects/thumbnail/B21-F14_9_F475W_sc.jpg,11.615956145259076,42.1339891114307
AAP000009c,B21-F14_9_sc,http://www.andromedaproject.org.s3.amazonaws.com/subjects/standard/B21-F14_9_sc.jpg,http://www.andromedaproject.org.s3.amazonaws.com/subjects/thumbnail/B21-F14_9_sc.jpg,11.615956145259076,42.1339891114307
